No,mon1,mon2,SMILES,polymer_class,thermal_conductivity
1,O=C(Cl)c1ccc(C(=O)Cl)s1,Nc1ccc(C(=O)Nc2ccc(NC(=O)c3ccc(N)cc3)cc2)cc1,*Nc1ccc(C(=O)Nc2ccc(NC(=O)c3ccc(NC(=O)c4ccc(C(*)=O)s4)cc3)cc2)cc1,polyamide,0.631 
2,O=C(O)c1ccc(NC(=O)c2ccc(C(=O)O)cc2)cc1,Nc1ccc(N)c2[nH]ccc12,*Nc1ccc(NC(=O)c2ccc(NC(=O)c3ccc(C(*)=O)cc3)cc2)c2[nH]ccc12,polyamide,0.594 
3,O=C(Cl)c1ccc(C(=O)Cl)cc1,Nc1ccc(C(=O)Nc2ccc(NC(=O)c3ccc(N)cc3)cc2)cc1,*Nc1ccc(C(=O)Nc2ccc(NC(=O)c3ccc(NC(=O)c4ccc(C(*)=O)cc4)cc3)cc2)cc1,polyamide,0.550 
4,O=C(Cl)c1ccc(C(=O)Cl)cc1,Nc1ccc(NC(=O)c2ccc(N)cc2)cc1,*Nc1ccc(NC(=O)c2ccc(NC(=O)c3ccc(C(*)=O)cc3)cc2)cc1,polyamide,0.529 
5,O=C(Cl)c1ccc(C(=O)Cl)cc1,Nc1ccc(NC(=O)c2ccc(C(=O)Nc3ccc(N)cc3)cc2)cc1,*Nc1ccc(NC(=O)c2ccc(C(=O)Nc3ccc(NC(=O)c4ccc(C(*)=O)cc4)cc3)cc2)cc1,polyamide,0.528 
6,O=C(O)c1ccc(NC(=O)c2ccc(C(=O)O)cc2)cc1,Nc1ccc(NC(=O)c2ccc(C(=O)Nc3ccc(N)cc3)cc2)cc1,*Nc1ccc(NC(=O)c2ccc(C(=O)Nc3ccc(NC(=O)c4ccc(NC(=O)c5ccc(C(*)=O)cc5)cc4)cc3)cc2)cc1,polyamide,0.523 
7,O=C(O)c1ccc(NC(=O)c2ccc(C(=O)O)cc2)cc1,Nc1ccc(NC(=O)c2ccc(N)cc2)cc1,*Nc1ccc(NC(=O)c2ccc(NC(=O)c3ccc(NC(=O)c4ccc(C(*)=O)cc4)cc3)cc2)cc1,polyamide,0.519 
8,O=C(O)c1ccc(C=Nc2ccc(C(=O)O)cc2)cc1,Nc1ccc(NC(=O)c2ccc(C(=O)Nc3ccc(N)cc3)cc2)cc1,*Nc1ccc(NC(=O)c2ccc(C(=O)Nc3ccc(NC(=O)c4ccc(N=Cc5ccc(C(*)=O)cc5)cc4)cc3)cc2)cc1,polyamide,0.507 
9,O=C(O)c1ccc(NC(=O)c2ccc(C(=O)Nc3ccc(C(=O)O)cc3)cc2)cc1,Nc1ccc(N)s1,*Nc1ccc(NC(=O)c2ccc(NC(=O)c3ccc(C(=O)Nc4ccc(C(*)=O)cc4)cc3)cc2)s1,polyamide,0.506 
10,O=C(Cl)c1ccc2cc(C(=O)Cl)ccc2c1,Nc1ccc(NC(=O)c2ccc(C(=O)Nc3ccc(N)cc3)cc2)cc1,*Nc1ccc(NC(=O)c2ccc(C(=O)Nc3ccc(NC(=O)c4ccc5cc(C(*)=O)ccc5c4)cc3)cc2)cc1,polyamide,0.493 
11,O=C(Cl)c1ccc2cc(C(=O)Cl)ccc2c1,Nc1ccc(NC(=O)c2ccc(N)cc2)cc1,*Nc1ccc(NC(=O)c2ccc(NC(=O)c3ccc4cc(C(*)=O)ccc4c3)cc2)cc1,polyamide,0.492 
12,O=C(O)c1ccc(NC(=O)c2ccc(C(=O)O)cc2)cc1,Nc1ccc(C(=O)Nc2ccc(NC(=O)c3ccc(N)cc3)cc2)cc1,*Nc1ccc(C(=O)Nc2ccc(NC(=O)c3ccc(NC(=O)c4ccc(NC(=O)c5ccc(C(*)=O)cc5)cc4)cc3)cc2)cc1,polyamide,0.491 
13,O=C(O)c1ccc(NC(=O)c2ccc(C(=O)Nc3ccc(C(=O)O)cc3)cc2)cc1,Nc1ccc(C(=O)Nc2ccc(NC(=O)c3ccc(N)cc3)cc2)cc1,*Nc1ccc(C(=O)Nc2ccc(NC(=O)c3ccc(NC(=O)c4ccc(NC(=O)c5ccc(C(=O)Nc6ccc(C(*)=O)cc6)cc5)cc4)cc3)cc2)cc1,polyamide,0.486 
14,O=C(O)c1ccc(C(=O)O)[nH]1,Nc1ccc(C(=O)Nc2ccc(NC(=O)c3ccc(N)cc3)cc2)cc1,*Nc1ccc(C(=O)Nc2ccc(NC(=O)c3ccc(NC(=O)c4ccc(C(*)=O)[nH]4)cc3)cc2)cc1,polyamide,0.483 
15,O=C(O)c1ccc(NC(=O)c2ccc(C(=O)O)cc2)cc1,Nc1ccc(N)c2[nH]ccc12,*Nc1ccc(NC(=O)c2ccc(C(=O)Nc3ccc(C(*)=O)cc3)cc2)c2[nH]ccc12,polyamide,0.480 
16,O=C(O)c1ccc(NC(=O)c2ccc(C(=O)Nc3ccc(C(=O)O)cc3)cc2)cc1,Nc1ccc(NC(=O)c2ccc(N)cc2)cc1,*Nc1ccc(NC(=O)c2ccc(NC(=O)c3ccc(NC(=O)c4ccc(C(=O)Nc5ccc(C(*)=O)cc5)cc4)cc3)cc2)cc1,polyamide,0.479 
17,O=C(Cl)c1ccc(C(=O)Cl)s1,Nc1ccc(NC(=O)c2ccc(N)cc2)cc1,*Nc1ccc(NC(=O)c2ccc(NC(=O)c3ccc(C(*)=O)s3)cc2)cc1,polyamide,0.476 
18,O=C(O)c1ccc(C=Nc2ccc(C(=O)O)cc2)cc1,Nc1ccc(C(=O)Nc2ccc(NC(=O)c3ccc(N)cc3)cc2)cc1,*Nc1ccc(C(=O)Nc2ccc(NC(=O)c3ccc(NC(=O)c4ccc(N=Cc5ccc(C(*)=O)cc5)cc4)cc3)cc2)cc1,polyamide,0.474 
19,O=C(O)c1ccc(C=Nc2ccc(N=Cc3ccc(C(=O)O)cc3)cc2)cc1,Nc1ccc(C(=O)Nc2ccc(NC(=O)c3ccc(N)cc3)cc2)cc1,*Nc1ccc(C(=O)Nc2ccc(NC(=O)c3ccc(NC(=O)c4ccc(C=Nc5ccc(N=Cc6ccc(C(*)=O)cc6)cc5)cc4)cc3)cc2)cc1,polyamide,0.472 
20,O=C(O)c1ccc(NC(=O)c2ccc(C(=O)O)cc2)cc1,Nc1ccc(NC(=O)c2ccc(N)cc2)cc1,*Nc1ccc(NC(=O)c2ccc(NC(=O)c3ccc(C(=O)Nc4ccc(C(*)=O)cc4)cc3)cc2)cc1,polyamide,0.469 
21,O=C(O)c1ccc(NC(=O)c2ccc(C(=O)O)cc2)cc1,Nc1ccc(N)cc1,*Nc1ccc(NC(=O)c2ccc(C(=O)Nc3ccc(C(*)=O)cc3)cc2)cc1,polyamide,0.461 
22,O=C(O)c1ccc(C=Nc2ccc(C(=O)O)cc2)cc1,Nc1ccc(NC(=O)c2ccc(N)cc2)cc1,*Nc1ccc(NC(=O)c2ccc(NC(=O)c3ccc(N=Cc4ccc(C(*)=O)cc4)cc3)cc2)cc1,polyamide,0.456 
23,O=C(Cl)c1ccc(C(=O)Cl)s1,Nc1ccc(NC(=O)c2ccc(N)cc2)cc1,*Nc1ccc(C(=O)Nc2ccc(NC(=O)c3ccc(C(*)=O)s3)cc2)cc1,polyamide,0.453 
24,O=C=Nc1ccc(N=C=O)cc1,OCCCCCCCCCCCCCCCCCCCCCCCCCCCCCCCCCCCCCCCCCCCCCCCCCCCCO,*OCCCCCCCCCCCCCCCCCCCCCCCCCCCCCCCCCCCCCCCCCCCCCCCCCCCCOC(=O)Nc1ccc(NC(*)=O)cc1,polyurethane,0.451 
25,O=C(O)c1ccc(Nc2ccc(C(=O)O)cc2)cc1,Nc1ccc(NC(=O)c2ccc(C(=O)Nc3ccc(N)cc3)cc2)cc1,*Nc1ccc(NC(=O)c2ccc(C(=O)Nc3ccc(NC(=O)c4ccc(Nc5ccc(C(*)=O)cc5)cc4)cc3)cc2)cc1,polyamide,0.451 
26,O=C(O)c1ccc2[nH]c(C(=O)O)cc2c1,Nc1ccc(C(=O)Nc2ccc(NC(=O)c3ccc(N)cc3)cc2)cc1,*Nc1ccc(C(=O)Nc2ccc(NC(=O)c3ccc(NC(=O)c4ccc5[nH]c(C(*)=O)cc5c4)cc3)cc2)cc1,polyamide,0.449 
27,O=C(O)c1ccc(NC(=O)c2ccc(C(=O)Nc3ccc(C(=O)O)cc3)cc2)cc1,Nc1ccc2c(c1)=c1ccc(N)cc1=2,*Nc1ccc2c(c1)=c1ccc(NC(=O)c3ccc(NC(=O)c4ccc(C(=O)Nc5ccc(C(*)=O)cc5)cc4)cc3)cc1=2,polyamide,0.445 
28,O=C(O)c1ccc2[nH]c(C(=O)O)cc2c1,Nc1ccc(NC(=O)c2ccc(N)cc2)cc1,*Nc1ccc(NC(=O)c2ccc(NC(=O)c3cc4cc(C(*)=O)ccc4[nH]3)cc2)cc1,polyamide,0.443 
29,O=C(O)c1ccc(C=Nc2ccc(C(=O)O)cc2)cc1,Nc1ccc(NC(=O)c2ccc(N)cc2)cc1,*Nc1ccc(C(=O)Nc2ccc(NC(=O)c3ccc(N=Cc4ccc(C(*)=O)cc4)cc3)cc2)cc1,polyamide,0.442 
30,O=C(O)c1ccc(C=Nc2ccc(N=Cc3ccc(C(=O)O)cc3)cc2)cc1,Nc1ccc(NC(=O)c2ccc(C(=O)Nc3ccc(N)cc3)cc2)cc1,*Nc1ccc(NC(=O)c2ccc(C(=O)Nc3ccc(NC(=O)c4ccc(C=Nc5ccc(N=Cc6ccc(C(*)=O)cc6)cc5)cc4)cc3)cc2)cc1,polyamide,0.442 
31,O=C(O)c1ccc(NC(=O)c2ccc(C(=O)Nc3ccc(C(=O)O)cc3)cc2)cc1,Nc1ccc(NC(=O)c2ccc(C(=O)Nc3ccc(N)cc3)cc2)cc1,*Nc1ccc(NC(=O)c2ccc(C(=O)Nc3ccc(NC(=O)c4ccc(NC(=O)c5ccc(C(=O)Nc6ccc(C(*)=O)cc6)cc5)cc4)cc3)cc2)cc1,polyamide,0.442 
32,O=C(Cl)c1ccc(C(=O)Cl)cc1,Nc1ccc2c(c1)=c1ccc(N)cc1=2,*Nc1ccc2c(c1)=c1ccc(NC(=O)c3ccc(C(*)=O)cc3)cc1=2,polyamide,0.440 
33,O=C(O)c1ccc2[nH]c(C(=O)O)cc2c1,Nc1ccc(C(=O)Nc2ccc(NC(=O)c3ccc(N)cc3)cc2)cc1,*Nc1ccc(C(=O)Nc2ccc(NC(=O)c3ccc(NC(=O)c4cc5cc(C(*)=O)ccc5[nH]4)cc3)cc2)cc1,polyamide,0.434 
34,O=C(O)c1ccc(NC(=O)c2ccc(C(=O)Nc3ccc(C(=O)O)cc3)cc2)cc1,Nc1ccc2cc(N)ccc2c1,*Nc1ccc2cc(NC(=O)c3ccc(NC(=O)c4ccc(C(=O)Nc5ccc(C(*)=O)cc5)cc4)cc3)ccc2c1,polyamide,0.433 
35,O=C(O)c1ccc(C=Nc2ccc(C(=O)O)cc2)cc1,Nc1ccc(C(=O)Nc2ccc(NC(=O)c3ccc(N)cc3)cc2)cc1,*Nc1ccc(C(=O)Nc2ccc(NC(=O)c3ccc(NC(=O)c4ccc(C=Nc5ccc(C(*)=O)cc5)cc4)cc3)cc2)cc1,polyamide,0.433 
36,O=C(Cl)c1ccc(C(=O)Cl)s1,Nc1ccc(NC(=O)c2ccc(C(=O)Nc3ccc(N)cc3)cc2)cc1,*Nc1ccc(NC(=O)c2ccc(C(=O)Nc3ccc(NC(=O)c4ccc(C(*)=O)s4)cc3)cc2)cc1,polyamide,0.425 
37,O=C(Cl)c1ccc(C(=O)Cl)cc1,Nc1ccc(N)cc1,*Nc1ccc(NC(=O)c2ccc(C(*)=O)cc2)cc1,polyamide,0.423 
38,O=C=NCCCCCN=C=O,OCCCCCCCCCCCCCCCCCCCCCCCCCCCCCCCCCCCCCCCCCCCCCCCCCCCCO,*OCCCCCCCCCCCCCCCCCCCCCCCCCCCCCCCCCCCCCCCCCCCCCCCCCCCCOC(=O)NCCCCCNC(*)=O,polyurethane,0.422 
39,O=C(O)COc1ccc(C(=O)O)cc1,Nc1ccc(NC(=O)c2ccc(C(=O)Nc3ccc(N)cc3)cc2)cc1,*Nc1ccc(NC(=O)c2ccc(C(=O)Nc3ccc(NC(=O)c4ccc(OCC(*)=O)cc4)cc3)cc2)cc1,polyamide,0.419 
40,O=C(Cl)c1ccc2cc(C(=O)Cl)ccc2c1,Nc1ccc(NC(=O)c2ccc(N)cc2)cc1,*Nc1ccc(C(=O)Nc2ccc(NC(=O)c3ccc4cc(C(*)=O)ccc4c3)cc2)cc1,polyamide,0.415 
41,O=C(O)c1ccc(NC(=O)c2ccc(C(=O)O)cc2)cc1,Nc1ccc(N)[nH]1,*Nc1ccc(NC(=O)c2ccc(NC(=O)c3ccc(C(*)=O)cc3)cc2)[nH]1,polyamide,0.414 
42,O=C=NCc1ccccc1CN=C=O,OCCCCCCCCCCCCCCCCCCCCCCCCCCCCCCCCCCCCCCCCCCCCCCCCCCCCO,*OCCCCCCCCCCCCCCCCCCCCCCCCCCCCCCCCCCCCCCCCCCCCCCCCCCCCOC(=O)NCc1ccccc1CNC(*)=O,polyurethane,0.413 
43,O=C(O)c1ccc(NC(=O)c2ccc(C(=O)O)cc2)cc1,Nc1ccc(NC(=O)c2ccc(C(=O)Nc3ccc(N)cc3)cc2)cc1,*Nc1ccc(NC(=O)c2ccc(C(=O)Nc3ccc(NC(=O)c4ccc(C(=O)Nc5ccc(C(*)=O)cc5)cc4)cc3)cc2)cc1,polyamide,0.413 
44,O=C(O)c1ccc2ccc(C(=O)O)cc2c1,Nc1ccc(NC(=O)c2ccc(C(=O)Nc3ccc(N)cc3)cc2)cc1,*Nc1ccc(NC(=O)c2ccc(C(=O)Nc3ccc(NC(=O)c4ccc5ccc(C(*)=O)cc5c4)cc3)cc2)cc1,polyamide,0.412 
45,O=C(O)c1ccc(NC(=O)c2ccc(C(=O)O)cc2)cc1,Nc1ccc(N)c2[nH]ccc12,*Nc1ccc(NC(=O)c2ccc(C(=O)Nc3ccc(C(*)=O)cc3)cc2)c2cc[nH]c12,polyamide,0.410 
46,O=C(Cl)c1ccc(C(=O)Cl)cc1,Nc1ccc(N)[nH]1,*Nc1ccc(NC(=O)c2ccc(C(*)=O)cc2)[nH]1,polyamide,0.408 
47,O=C(O)c1ccc(C=Nc2ccc(N=Cc3ccc(C(=O)O)cc3)cc2)cc1,Nc1ccc(NC(=O)c2ccc(N)cc2)cc1,*Nc1ccc(NC(=O)c2ccc(NC(=O)c3ccc(C=Nc4ccc(N=Cc5ccc(C(*)=O)cc5)cc4)cc3)cc2)cc1,polyamide,0.405 
48,O=C(O)c1ccc(C=Nc2ccc(N=Cc3ccc(C(=O)O)cc3)cc2)cc1,Nc1ccc(NC(=O)c2ccc(N)cc2)cc1,*Nc1ccc(C(=O)Nc2ccc(NC(=O)c3ccc(C=Nc4ccc(N=Cc5ccc(C(*)=O)cc5)cc4)cc3)cc2)cc1,polyamide,0.404 
49,O=S(=O)(c1ccc(Br)cc1)c1ccc(Br)cc1,OCCCCCCCCCCCCCCCCCCCCCCCCCCCCCCCCCCCCCCCCCCCCCCCCCCCCO,*OCCCCCCCCCCCCCCCCCCCCCCCCCCCCCCCCCCCCCCCCCCCCCCCCCCCCOc1ccc(S(=O)(=O)c2ccc(*)cc2)cc1,polyether,0.403 
50,O=C=NCCCCCCN=C=O,OCCCCCCCCCCCCCCCCCCCCCCCCCCCCCCCCCCCCCCCCCCCCCCCCCCCCO,*OCCCCCCCCCCCCCCCCCCCCCCCCCCCCCCCCCCCCCCCCCCCCCCCCCCCCOC(=O)NCCCCCCNC(*)=O,polyurethane,0.402 
51,O=C=NCCCCCCCCN=C=O,OCCCCCCCCCCCCCCCCCCCCCCCCCCCCCCCCCCCCCCCCCCCCCCCCCCCCO,*OCCCCCCCCCCCCCCCCCCCCCCCCCCCCCCCCCCCCCCCCCCCCCCCCCCCCOC(=O)NCCCCCCCCNC(*)=O,polyurethane,0.402 
52,O=C(O)c1ccc(C=Nc2ccc(C(=O)O)cc2)cc1,Nc1ccc(NC(=O)c2ccc(N)cc2)cc1,*Nc1ccc(NC(=O)c2ccc(NC(=O)c3ccc(C=Nc4ccc(C(*)=O)cc4)cc3)cc2)cc1,polyamide,0.400 
53,O=C(O)c1ccc2[nH]c(C(=O)O)cc2c1,Nc1ccc(NC(=O)c2ccc(N)cc2)cc1,*Nc1ccc(C(=O)Nc2ccc(NC(=O)c3cc4cc(C(*)=O)ccc4[nH]3)cc2)cc1,polyamide,0.399 
54,O=C(O)c1ccc(NC(=O)c2ccc(C(=O)Nc3ccc(C(=O)O)cc3)cc2)cc1,Nc1ccc2cc3cc(N)ccc3cc2c1,*Nc1ccc2cc3cc(NC(=O)c4ccc(NC(=O)c5ccc(C(=O)Nc6ccc(C(*)=O)cc6)cc5)cc4)ccc3cc2c1,polyamide,0.395 
55,O=C(O)c1ccc2[nH]c(C(=O)O)cc2c1,Nc1ccc(NC(=O)c2ccc(N)cc2)cc1,*Nc1ccc(C(=O)Nc2ccc(NC(=O)c3ccc4[nH]c(C(*)=O)cc4c3)cc2)cc1,polyamide,0.394 
56,O=C(O)c1ccc(Nc2ccc(C(=O)O)cc2)cc1,Nc1ccc(C(=O)Nc2ccc(NC(=O)c3ccc(N)cc3)cc2)cc1,*Nc1ccc(C(=O)Nc2ccc(NC(=O)c3ccc(NC(=O)c4ccc(Nc5ccc(C(*)=O)cc5)cc4)cc3)cc2)cc1,polyamide,0.393 
57,O=C(Cl)c1ccc2cc(C(=O)Cl)ccc2c1,Nc1ccc(C(=O)Nc2ccc(NC(=O)c3ccc(N)cc3)cc2)cc1,*Nc1ccc(C(=O)Nc2ccc(NC(=O)c3ccc(NC(=O)c4ccc5cc(C(*)=O)ccc5c4)cc3)cc2)cc1,polyamide,0.392 
58,O=C=NCCCCN=C=O,OCCCCCCCCCCCCCCCCCCCCCCCCCCCCCCCCCCCCCCCCCCCCCCCCCCCCO,*OCCCCCCCCCCCCCCCCCCCCCCCCCCCCCCCCCCCCCCCCCCCCCCCCCCCCOC(=O)NCCCCNC(*)=O,polyurethane,0.391 
59,O=C(Cl)c1cncc(C(=O)Cl)c1,Nc1ccc(C(=O)Nc2ccc(NC(=O)c3ccc(N)cc3)cc2)cc1,*Nc1ccc(C(=O)Nc2ccc(NC(=O)c3ccc(NC(=O)c4cncc(C(*)=O)c4)cc3)cc2)cc1,polyamide,0.390 
60,O=C(O)c1ccc(NC(=O)c2ccc(C(=O)Nc3ccc(C(=O)O)cc3)cc2)cc1,Nc1ccc(Nc2ccc(N)cc2)cc1,*Nc1ccc(Nc2ccc(NC(=O)c3ccc(NC(=O)c4ccc(C(=O)Nc5ccc(C(*)=O)cc5)cc4)cc3)cc2)cc1,polyamide,0.388 
61,O=C(O)c1ccc(NC(=O)c2ccc(C(=O)O)cc2)cc1,Nc1ccc(C(=O)Nc2ccc(NC(=O)c3ccc(N)cc3)cc2)cc1,*Nc1ccc(C(=O)Nc2ccc(NC(=O)c3ccc(NC(=O)c4ccc(C(=O)Nc5ccc(C(*)=O)cc5)cc4)cc3)cc2)cc1,polyamide,0.387 
62,O=C(O)c1ccc(C(=O)O)[nH]1,Nc1ccc(NC(=O)c2ccc(N)cc2)cc1,*Nc1ccc(C(=O)Nc2ccc(NC(=O)c3ccc(C(*)=O)[nH]3)cc2)cc1,polyamide,0.386 
63,O=C(CC(=O)Nc1ccc(C(=O)O)cc1)Nc1ccc(C(=O)O)cc1,Nc1ccc(C(=O)Nc2ccc(NC(=O)c3ccc(N)cc3)cc2)cc1,*Nc1ccc(C(=O)Nc2ccc(NC(=O)c3ccc(NC(=O)c4ccc(NC(=O)CC(=O)Nc5ccc(C(*)=O)cc5)cc4)cc3)cc2)cc1,polyamide,0.386 
64,O=C(O)c1ccc(C(=O)O)[nH]1,Nc1ccc(NC(=O)c2ccc(C(=O)Nc3ccc(N)cc3)cc2)cc1,*Nc1ccc(NC(=O)c2ccc(C(=O)Nc3ccc(NC(=O)c4ccc(C(*)=O)[nH]4)cc3)cc2)cc1,polyamide,0.386 
65,O=C=Nc1cccc(N=C=O)c1,OCCCCCCCCCCCCCCCCCCCCCCCCCCCCCCCCCCCCCCCCCCCCCCCCCCCCO,*OCCCCCCCCCCCCCCCCCCCCCCCCCCCCCCCCCCCCCCCCCCCCCCCCCCCCOC(=O)Nc1cccc(NC(*)=O)c1,polyurethane,0.386 
66,O=C=NCCCCCCCCCCN=C=O,OCCCCCCCCCCCCCCCCCCCCCCCCCCCCCCCCCCCCCCCCCCCCCCCCCCCCO,*OCCCCCCCCCCCCCCCCCCCCCCCCCCCCCCCCCCCCCCCCCCCCCCCCCCCCOC(=O)NCCCCCCCCCCNC(*)=O,polyurethane,0.385 
67,O=C(O)c1ccc(NC(=O)c2ccc(C(=O)O)cc2)cc1,Nc1ccc2c(c1)=c1ccc(N)cc1=2,*Nc1ccc2c(c1)=c1ccc(NC(=O)c3ccc(C(=O)Nc4ccc(C(*)=O)cc4)cc3)cc1=2,polyamide,0.385 
68,O=C(O)c1ccc2[nH]c(C(=O)O)cc2c1,Nc1ccc(N)cc1,*Nc1ccc(NC(=O)c2ccc3[nH]c(C(*)=O)cc3c2)cc1,polyamide,0.383 
69,O=C(O)c1ccc(C=Nc2ccc(C(=O)O)cc2)cc1,Nc1ccc(NC(=O)c2ccc(N)cc2)cc1,*Nc1ccc(C(=O)Nc2ccc(NC(=O)c3ccc(C=Nc4ccc(C(*)=O)cc4)cc3)cc2)cc1,polyamide,0.383 
70,O=C(O)c1ccc(NC(=O)c2ccc(C(=O)Nc3ccc(C(=O)O)cc3)cc2)cc1,Nc1ccc(N)c2[nH]ccc12,*Nc1ccc(NC(=O)c2ccc(NC(=O)c3ccc(C(=O)Nc4ccc(C(*)=O)cc4)cc3)cc2)c2[nH]ccc12,polyamide,0.380 
71,O=C(O)c1ccc(NC(=O)c2ccc(C(=O)Nc3ccc(C(=O)O)cc3)cc2)cc1,Nc1ccc2ccc(N)cc2c1,*Nc1ccc2ccc(NC(=O)c3ccc(NC(=O)c4ccc(C(=O)Nc5ccc(C(*)=O)cc5)cc4)cc3)cc2c1,polyamide,0.379 
72,O=C=Nc1ccc(Cc2ccc(N=C=O)cc2)cc1,OCCCCCCCCCCCCCCCCCCCCCCCCCCCCCCCCCCCCCCCCCCCCCCCCCCCCO,*OCCCCCCCCCCCCCCCCCCCCCCCCCCCCCCCCCCCCCCCCCCCCCCCCCCCCOC(=O)Nc1ccc(Cc2ccc(NC(*)=O)cc2)cc1,polyurethane,0.377 
73,O=C(O)c1ccc(C(=O)O)[nH]1,Nc1ccc(NC(=O)c2ccc(N)cc2)cc1,*Nc1ccc(NC(=O)c2ccc(NC(=O)c3ccc(C(*)=O)[nH]3)cc2)cc1,polyamide,0.376 
74,O=C(Cl)c1ccc(C(=O)Cl)cc1,Nc1ccc(NC(=O)c2ccc(N)cc2)cc1,*Nc1ccc(C(=O)Nc2ccc(NC(=O)c3ccc(C(*)=O)cc3)cc2)cc1,polyamide,0.376 
75,O=C(O)c1ccc(NC(=O)c2ccc(C(=O)O)cc2)cc1,Nc1ccc(NC(=O)c2ccc(N)cc2)cc1,*Nc1ccc(C(=O)Nc2ccc(NC(=O)c3ccc(C(=O)Nc4ccc(C(*)=O)cc4)cc3)cc2)cc1,polyamide,0.375 
76,O=C=Nc1ccc(Oc2ccc(N=C=O)cc2)cc1,Oc1ccc(C=Nc2ccc(N=Cc3ccc(O)cc3)cc2)cc1,*Oc1ccc(C=Nc2ccc(N=Cc3ccc(OC(=O)Nc4ccc(Oc5ccc(NC(*)=O)cc5)cc4)cc3)cc2)cc1,polyurethane,0.374 
77,O=C(Cl)c1cncc(C(=O)Cl)c1,Nc1ccc(NC(=O)c2ccc(C(=O)Nc3ccc(N)cc3)cc2)cc1,*Nc1ccc(NC(=O)c2ccc(C(=O)Nc3ccc(NC(=O)c4cncc(C(*)=O)c4)cc3)cc2)cc1,polyamide,0.374 
78,O=C=NC1CCC(N=C=O)CC1,OCCCCCCCCCCCCCCCCCCCCCCCCCCCCCCCCCCCCCCCCCCCCCCCCCCCCO,*OCCCCCCCCCCCCCCCCCCCCCCCCCCCCCCCCCCCCCCCCCCCCCCCCCCCCOC(=O)NC1CCC(NC(*)=O)CC1,polyurethane,0.373 
79,O=C(Cl)c1cccc(C(=O)Cl)c1,Nc1ccc(NC(=O)c2ccc(C(=O)Nc3ccc(N)cc3)cc2)cc1,*Nc1ccc(NC(=O)c2ccc(C(=O)Nc3ccc(NC(=O)c4cccc(C(*)=O)c4)cc3)cc2)cc1,polyamide,0.373 
80,O=C(O)c1ccc(C=Nc2ccc(N=Cc3ccc(C(=O)O)cc3)cc2)cc1,Nc1ccc(N)cc1,*Nc1ccc(NC(=O)c2ccc(C=Nc3ccc(N=Cc4ccc(C(*)=O)cc4)cc3)cc2)cc1,polyamide,0.373 
81,O=C=NCCCCCCCCCCCCN=C=O,OCCCCCCCCCCCCCCCCCCCCCCCCCCCCCCCCCCCCCCCCCCCCCCCCCCCCO,*OCCCCCCCCCCCCCCCCCCCCCCCCCCCCCCCCCCCCCCCCCCCCCCCCCCCCOC(=O)NCCCCCCCCCCCCNC(*)=O,polyurethane,0.372 
82,O=C=NCCCCCCCCCCCCN=C=O,OCCCCCCCCCCCCCCCCCCCCO,*OCCCCCCCCCCCCCCCCCCCCOC(=O)NCCCCCCCCCCCCNC(*)=O,polyurethane,0.372 
83,O=C(O)c1ccc(NC(=O)c2ccc(C(=O)O)cc2)cc1,Nc1ccc2c(c1)=c1ccc(N)cc1=2,*Nc1ccc2c(c1)=c1ccc(NC(=O)c3ccc(NC(=O)c4ccc(C(*)=O)cc4)cc3)cc1=2,polyamide,0.371 
84,O=C(O)c1ccc2[nH]c(C(=O)O)cc2c1,Nc1ccc(N)cc1,*Nc1ccc(NC(=O)c2cc3cc(C(*)=O)ccc3[nH]2)cc1,polyamide,0.371 
85,O=C(O)CNc1ccc(C(=O)O)cc1,Nc1ccc(NC(=O)c2ccc(C(=O)Nc3ccc(N)cc3)cc2)cc1,*Nc1ccc(NC(=O)c2ccc(C(=O)Nc3ccc(NC(=O)c4ccc(NCC(*)=O)cc4)cc3)cc2)cc1,polyamide,0.371 
86,O=C=Nc1ccc(N=C=O)cc1,O=C(Nc1ccc(O)cc1)c1ccc(O)cc1,*Oc1ccc(C(=O)Nc2ccc(OC(=O)Nc3ccc(NC(*)=O)cc3)cc2)cc1,polyurethane,0.369 
87,O=C(O)CNc1ccc(C(=O)O)cc1,Nc1ccc(C(=O)Nc2ccc(NC(=O)c3ccc(N)cc3)cc2)cc1,*Nc1ccc(C(=O)Nc2ccc(NC(=O)c3ccc(NC(=O)c4ccc(NCC(*)=O)cc4)cc3)cc2)cc1,polyamide,0.368 
88,O=C=Nc1ccc(Oc2ccc(N=C=O)cc2)cc1,OCCCCCCCCCCCCCCCCCCCCCCCCCCCCCCCCCCCCCCCCCCCCCCCCCCCCO,*OCCCCCCCCCCCCCCCCCCCCCCCCCCCCCCCCCCCCCCCCCCCCCCCCCCCCOC(=O)Nc1ccc(Oc2ccc(NC(*)=O)cc2)cc1,polyurethane,0.366 
89,O=C=Nc1ccc(N=C=O)cc1,OCCCCCCCCCCCCCCCCCO,*OCCCCCCCCCCCCCCCCCOC(=O)Nc1ccc(NC(*)=O)cc1,polyurethane,0.363 
90,O=C(O)COc1ccc(C(=O)O)cc1,Nc1ccc(NC(=O)c2ccc(C(=O)Nc3ccc(N)cc3)cc2)cc1,*Nc1ccc(NC(=O)c2ccc(C(=O)Nc3ccc(NC(=O)COc4ccc(C(*)=O)cc4)cc3)cc2)cc1,polyamide,0.361 
91,O=C=Nc1ccc(N=C=O)cc1,O=C(Nc1ccc(O)cc1)c1ccc(O)cc1,*Oc1ccc(NC(=O)c2ccc(OC(=O)Nc3ccc(NC(*)=O)cc3)cc2)cc1,polyurethane,0.361 
92,O=C=Nc1cccc2c(N=C=O)cccc12,OCCCCCCCCCCCCCCCCCCCCCCCCCCCCCCCCCCCCCCCCCCCCCCCCCCCCO,*OCCCCCCCCCCCCCCCCCCCCCCCCCCCCCCCCCCCCCCCCCCCCCCCCCCCCOC(=O)Nc1cccc2c(NC(*)=O)cccc12,polyurethane,0.361 
93,O=C=NCCCCCCCCCCN=C=O,OCCCCCCCCCCCCCCCCCCCCO,*OCCCCCCCCCCCCCCCCCCCCOC(=O)NCCCCCCCCCCNC(*)=O,polyurethane,0.359 
94,O=C(O)c1ccc(C=Nc2ccc(C(=O)O)cc2)cc1,Nc1ccc(NC(=O)c2ccc(C(=O)Nc3ccc(N)cc3)cc2)cc1,*Nc1ccc(NC(=O)c2ccc(C(=O)Nc3ccc(NC(=O)c4ccc(C=Nc5ccc(C(*)=O)cc5)cc4)cc3)cc2)cc1,polyamide,0.356 
95,O=C(O)c1ccc(C=Nc2ccc(C(=O)O)cc2)cc1,Nc1ccc(N)cc1,*Nc1ccc(NC(=O)c2ccc(N=Cc3ccc(C(*)=O)cc3)cc2)cc1,polyamide,0.354 
96,O=C(O)CNc1ccc(C(=O)O)cc1,Nc1ccc(C(=O)Nc2ccc(NC(=O)c3ccc(N)cc3)cc2)cc1,*Nc1ccc(C(=O)Nc2ccc(NC(=O)c3ccc(NC(=O)CNc4ccc(C(*)=O)cc4)cc3)cc2)cc1,polyamide,0.353 
97,O=C=Nc1cccc(N=C=O)c1,OCCCCCCCCCCCCCCCCCCCCCCO,*OCCCCCCCCCCCCCCCCCCCCCCOC(=O)Nc1cccc(NC(*)=O)c1,polyurethane,0.350 
98,O=C(O)c1ccc(NC(=O)c2ccc(C(=O)O)cc2)cc1,Nc1ccc(N)[nH]1,*Nc1ccc(NC(=O)c2ccc(C(=O)Nc3ccc(C(*)=O)cc3)cc2)[nH]1,polyamide,0.350 
99,O=C(O)c1ccc(NC(=O)c2ccc(C(=O)O)cc2)cc1,Nc1ccc(N)c2[nH]ccc12,*Nc1ccc(NC(=O)c2ccc(NC(=O)c3ccc(C(*)=O)cc3)cc2)c2cc[nH]c12,polyamide,0.350 
100,O=C(O)CNc1ccc(C(=O)O)cc1,Nc1ccc(NC(=O)c2ccc(C(=O)Nc3ccc(N)cc3)cc2)cc1,*Nc1ccc(NC(=O)c2ccc(C(=O)Nc3ccc(NC(=O)CNc4ccc(C(*)=O)cc4)cc3)cc2)cc1,polyamide,0.349 
101,O=C=Nc1ccc(N=C=O)cc1,OCCCCCCCCCCCCCCCCCCO,*OCCCCCCCCCCCCCCCCCCOC(=O)Nc1ccc(NC(*)=O)cc1,polyurethane,0.348 
102,O=C(O)c1ccc2[nH]c(C(=O)O)cc2c1,Nc1ccc(NC(=O)c2ccc(C(=O)Nc3ccc(N)cc3)cc2)cc1,*Nc1ccc(NC(=O)c2ccc(C(=O)Nc3ccc(NC(=O)c4ccc5[nH]c(C(*)=O)cc5c4)cc3)cc2)cc1,polyamide,0.347 
103,O=C=NCCCCN=C=O,OCCCCCCCCCCCCCCCCCCCCCCO,*OCCCCCCCCCCCCCCCCCCCCCCOC(=O)NCCCCNC(*)=O,polyurethane,0.347 
104,O=C=Nc1ccccc1Cc1ccccc1N=C=O,OCCCCCCCCCCCCCCCCCCCCCCCCCCCCCCCCCCCCCCCCCCCCCCCCCCCCO,*OCCCCCCCCCCCCCCCCCCCCCCCCCCCCCCCCCCCCCCCCCCCCCCCCCCCCOC(=O)Nc1ccccc1Cc1ccccc1NC(*)=O,polyurethane,0.345 
105,O=C(O)COc1ccc(C(=O)O)cc1,Nc1ccc(NC(=O)c2ccc(N)cc2)cc1,*Nc1ccc(NC(=O)c2ccc(NC(=O)c3ccc(OCC(*)=O)cc3)cc2)cc1,polyamide,0.344 
106,O=C(O)c1ccc2[nH]c(C(=O)O)cc2c1,Nc1ccc(NC(=O)c2ccc(C(=O)Nc3ccc(N)cc3)cc2)cc1,*Nc1ccc(NC(=O)c2ccc(C(=O)Nc3ccc(NC(=O)c4cc5cc(C(*)=O)ccc5[nH]4)cc3)cc2)cc1,polyamide,0.338 
107,O=C(O)c1ccc(C=Nc2ccc(C(=O)O)cc2)cc1,Nc1ccc2c(c1)=c1ccc(N)cc1=2,*Nc1ccc2c(c1)=c1ccc(NC(=O)c3ccc(N=Cc4ccc(C(*)=O)cc4)cc3)cc1=2,polyamide,0.335 
108,O=C(O)COc1ccc(C(=O)O)cc1,Nc1ccc(C(=O)Nc2ccc(NC(=O)c3ccc(N)cc3)cc2)cc1,*Nc1ccc(C(=O)Nc2ccc(NC(=O)c3ccc(NC(=O)c4ccc(OCC(*)=O)cc4)cc3)cc2)cc1,polyamide,0.334 
109,O=C(O)c1ccc(C(=O)O)[nH]1,Nc1ccc2c(c1)=c1ccc(N)cc1=2,*Nc1ccc2c(c1)=c1ccc(NC(=O)c3ccc(C(*)=O)[nH]3)cc1=2,polyamide,0.334 
110,O=C=NCCCCCCCCN=C=O,OCCCCCCCCCCCCCCCCCCCCO,*OCCCCCCCCCCCCCCCCCCCCOC(=O)NCCCCCCCCNC(*)=O,polyurethane,0.334 
111,O=C=Nc1ccc(N=C=O)cc1,OCCCCCCCCCCCCCCCCCCCCO,*OCCCCCCCCCCCCCCCCCCCCOC(=O)Nc1ccc(NC(*)=O)cc1,polyurethane,0.334 
112,O=C=NCCCCCCCCCCCCN=C=O,OCCCCCCCCCCCCCCCCCCCCCCO,*OCCCCCCCCCCCCCCCCCCCCCCOC(=O)NCCCCCCCCCCCCNC(*)=O,polyurethane,0.333 
113,O=C(Cl)c1cccc(C(=O)Cl)c1,Nc1ccc(C(=O)Nc2ccc(NC(=O)c3ccc(N)cc3)cc2)cc1,*Nc1ccc(C(=O)Nc2ccc(NC(=O)c3ccc(NC(=O)c4cccc(C(*)=O)c4)cc3)cc2)cc1,polyamide,0.332 
114,O=C(O)c1ccc(NC(=O)c2ccc(C(=O)Nc3ccc(C(=O)O)cc3)cc2)cc1,Nc1ccc(N)c2[nH]ccc12,*Nc1ccc(NC(=O)c2ccc(NC(=O)c3ccc(C(=O)Nc4ccc(C(*)=O)cc4)cc3)cc2)c2cc[nH]c12,polyamide,0.332 
115,O=C=Nc1ccc(N=C=O)cc1,Oc1ccc(NC(=S)Nc2ccc(O)cc2)cc1,*Oc1ccc(NC(=S)Nc2ccc(OC(=O)Nc3ccc(NC(*)=O)cc3)cc2)cc1,polyurethane,0.331 
116,O=C(O)c1ccc(C=Nc2ccc(C(=O)O)cc2)cc1,Nc1ccc(N)cc1,*Nc1ccc(NC(=O)c2ccc(C=Nc3ccc(C(*)=O)cc3)cc2)cc1,polyamide,0.330 
117,O=C=NCCCCCCCCCCCCN=C=O,OCCCCCCCCCCCCCCCCCCO,*OCCCCCCCCCCCCCCCCCCOC(=O)NCCCCCCCCCCCCNC(*)=O,polyurethane,0.328 
118,O=C(O)c1ccc(NC(=O)c2ccc(C(=O)Nc3ccc(C(=O)O)cc3)cc2)cc1,Nc1ccc(N)[nH]1,*Nc1ccc(NC(=O)c2ccc(NC(=O)c3ccc(C(=O)Nc4ccc(C(*)=O)cc4)cc3)cc2)[nH]1,polyamide,0.327 
119,O=C=Nc1ccc(N=C=O)cc1,Oc1ccc(C=Nc2ccc(N=Cc3ccc(O)cc3)cc2)cc1,*Oc1ccc(C=Nc2ccc(N=Cc3ccc(OC(=O)Nc4ccc(NC(*)=O)cc4)cc3)cc2)cc1,polyurethane,0.327 
120,O=C(O)c1csc(C(=O)O)c1,Nc1ccc(C(=O)Nc2ccc(NC(=O)c3ccc(N)cc3)cc2)cc1,*Nc1ccc(C(=O)Nc2ccc(NC(=O)c3ccc(NC(=O)c4cc(C(*)=O)cs4)cc3)cc2)cc1,polyamide,0.326 
121,O=C=NCCCCCCCCCCCCN=C=O,OCCCCCCCCCCCCCCCCCCCO,*OCCCCCCCCCCCCCCCCCCCOC(=O)NCCCCCCCCCCCCNC(*)=O,polyurethane,0.326 
122,O=C(CC(=O)Nc1ccc(C(=O)O)cc1)Nc1ccc(C(=O)O)cc1,Nc1ccc(NC(=O)c2ccc(C(=O)Nc3ccc(N)cc3)cc2)cc1,*Nc1ccc(NC(=O)c2ccc(C(=O)Nc3ccc(NC(=O)c4ccc(NC(=O)CC(=O)Nc5ccc(C(*)=O)cc5)cc4)cc3)cc2)cc1,polyamide,0.326 
123,O=C(Cl)c1cncc(C(=O)Cl)c1,Nc1ccc(NC(=O)c2ccc(N)cc2)cc1,*Nc1ccc(NC(=O)c2ccc(NC(=O)c3cncc(C(*)=O)c3)cc2)cc1,polyamide,0.325 
124,O=C(O)c1cc[nH]c1C(=O)O,Nc1ccc(C(=O)Nc2ccc(NC(=O)c3ccc(N)cc3)cc2)cc1,*Nc1ccc(C(=O)Nc2ccc(NC(=O)c3ccc(NC(=O)c4[nH]ccc4C(*)=O)cc3)cc2)cc1,polyamide,0.325 
125,O=C(O)c1ccsc1C(=O)O,Nc1ccc2c(c1)=c1ccc(N)cc1=2,*Nc1ccc2c(c1)=c1ccc(NC(=O)c3sccc3C(*)=O)cc1=2,polyamide,0.325 
126,O=C=NCCCCCCCCN=C=O,OCCCCCCCCCCCCCCCCCCCCCCO,*OCCCCCCCCCCCCCCCCCCCCCCOC(=O)NCCCCCCCCNC(*)=O,polyurethane,0.325 
127,O=C=Nc1ccc(N=C=O)cc1,OCCCCCCCCCCCCCCCCCCCCCCO,*OCCCCCCCCCCCCCCCCCCCCCCOC(=O)Nc1ccc(NC(*)=O)cc1,polyurethane,0.324 
128,O=C(O)c1ccc2ccc(C(=O)O)cc2c1,Nc1ccc(C(=O)Nc2ccc(NC(=O)c3ccc(N)cc3)cc2)cc1,*Nc1ccc(C(=O)Nc2ccc(NC(=O)c3ccc(NC(=O)c4ccc5ccc(C(*)=O)cc5c4)cc3)cc2)cc1,polyamide,0.324 
129,O=C(O)c1ccc2[nH]c(C(=O)O)cc2c1,Nc1ccc(NC(=O)c2ccc(N)cc2)cc1,*Nc1ccc(NC(=O)c2ccc(NC(=O)c3ccc4[nH]c(C(*)=O)cc4c3)cc2)cc1,polyamide,0.324 
130,O=C(O)COc1ccc(C(=O)O)cc1,Nc1ccc(NC(=O)c2ccc(N)cc2)cc1,*Nc1ccc(NC(=O)c2ccc(NC(=O)COc3ccc(C(*)=O)cc3)cc2)cc1,polyamide,0.321 
131,O=C(O)c1ccc2ccc(C(=O)O)cc2c1,Nc1ccc(NC(=O)c2ccc(N)cc2)cc1,*Nc1ccc(C(=O)Nc2ccc(NC(=O)c3ccc4ccc(C(*)=O)cc4c3)cc2)cc1,polyamide,0.321 
132,O=C=NCCCCCN=C=O,OCCCCCCCCCCCCCCCCCCCCCCO,*OCCCCCCCCCCCCCCCCCCCCCCOC(=O)NCCCCCNC(*)=O,polyurethane,0.321 
133,O=C(O)c1ccc(C(=O)O)[nH]1,Nc1ccc(N)cc1,*Nc1ccc(NC(=O)c2ccc(C(*)=O)[nH]2)cc1,polyamide,0.320 
134,O=C=NCCCCCCCCCCN=C=O,OCCCCCCCCCCCCCCCCCCO,*OCCCCCCCCCCCCCCCCCCOC(=O)NCCCCCCCCCCNC(*)=O,polyurethane,0.320 
135,O=C=NCCCCCCCCCCCCN=C=O,OCCCCCCCCCCCCCCCCCO,*OCCCCCCCCCCCCCCCCCOC(=O)NCCCCCCCCCCCCNC(*)=O,polyurethane,0.319 
136,O=C(O)c1ccsc1C(=O)O,Nc1ccc(C(=O)Nc2ccc(NC(=O)c3ccc(N)cc3)cc2)cc1,*Nc1ccc(C(=O)Nc2ccc(NC(=O)c3ccc(NC(=O)c4ccsc4C(*)=O)cc3)cc2)cc1,polyamide,0.319 
137,O=C(O)c1ccc(C=Nc2ccc(C(=O)O)cc2)cc1,Nc1ccc2c(c1)=c1ccc(N)cc1=2,*Nc1ccc2c(c1)=c1ccc(NC(=O)c3ccc(C=Nc4ccc(C(*)=O)cc4)cc3)cc1=2,polyamide,0.318 
138,O=C=NCCCCCCCCCCN=C=O,OCCCCCCCCCCCCCCCCCCCO,*OCCCCCCCCCCCCCCCCCCCOC(=O)NCCCCCCCCCCNC(*)=O,polyurethane,0.318 
139,O=C(O)COc1ccc(C(=O)O)cc1,Nc1ccc(NC(=O)c2ccc(N)cc2)cc1,*Nc1ccc(C(=O)Nc2ccc(NC(=O)COc3ccc(C(*)=O)cc3)cc2)cc1,polyamide,0.317 
140,O=C=NCCCCCCN=C=O,OCCCCCCCCCCCCCCCCCCCCCCO,*OCCCCCCCCCCCCCCCCCCCCCCOC(=O)NCCCCCCNC(*)=O,polyurethane,0.316 
141,O=C=NCCCCCCCCCCCCN=C=O,OCCCCCCCCCCCCCCCO,*OCCCCCCCCCCCCCCCOC(=O)NCCCCCCCCCCCCNC(*)=O,polyurethane,0.315 
142,O=C(O)c1ccc(NC(=O)c2ccc(C(=O)Nc3ccc(C(=O)O)cc3)cc2)cc1,Nc1ccc(S(=O)c2ccc(N)cc2)cc1,*Nc1ccc(S(=O)c2ccc(NC(=O)c3ccc(NC(=O)c4ccc(C(=O)Nc5ccc(C(*)=O)cc5)cc4)cc3)cc2)cc1,polyamide,0.315 
143,O=C(O)c1csc(C(=O)O)c1,Nc1ccc(NC(=O)c2ccc(C(=O)Nc3ccc(N)cc3)cc2)cc1,*Nc1ccc(NC(=O)c2ccc(C(=O)Nc3ccc(NC(=O)c4csc(C(*)=O)c4)cc3)cc2)cc1,polyamide,0.314 
144,O=C=Nc1ccc(N=C=O)cc1,Oc1ccc(N=CC=Nc2ccc(O)cc2)cc1,*Oc1ccc(N=CC=Nc2ccc(OC(=O)Nc3ccc(NC(*)=O)cc3)cc2)cc1,polyurethane,0.313 
145,O=C=NCCCCCCCCCCN=C=O,OCCCCCCCCCCCCCCCCCO,*OCCCCCCCCCCCCCCCCCOC(=O)NCCCCCCCCCCNC(*)=O,polyurethane,0.312 
146,O=C(O)c1ccoc1C(=O)O,Nc1ccc(NC(=O)c2ccc(C(=O)Nc3ccc(N)cc3)cc2)cc1,*Nc1ccc(NC(=O)c2ccc(C(=O)Nc3ccc(NC(=O)c4ccoc4C(*)=O)cc3)cc2)cc1,polyamide,0.312 
147,O=C(O)COc1ccc(C(=O)O)cc1,Nc1ccc(N)cc1,*Nc1ccc(NC(=O)c2ccc(OCC(*)=O)cc2)cc1,polyamide,0.312 
148,O=C(O)COc1ccc(C(=O)O)cc1,Nc1ccc(NC(=O)c2ccc(N)cc2)cc1,*Nc1ccc(C(=O)Nc2ccc(NC(=O)c3ccc(OCC(*)=O)cc3)cc2)cc1,polyamide,0.312 
149,O=C(O)c1ccoc1C(=O)O,Nc1ccc(C(=O)Nc2ccc(NC(=O)c3ccc(N)cc3)cc2)cc1,*Nc1ccc(C(=O)Nc2ccc(NC(=O)c3ccc(NC(=O)c4ccoc4C(*)=O)cc3)cc2)cc1,polyamide,0.310 
150,O=C(Cl)c1cccc(C(=O)Cl)c1,Nc1ccc(NC(=O)c2ccc(N)cc2)cc1,*Nc1ccc(NC(=O)c2ccc(NC(=O)c3cccc(C(*)=O)c3)cc2)cc1,polyamide,0.310 
151,O=C(O)c1ccc2ccc(C(=O)O)cc2c1,Nc1ccc(NC(=O)c2ccc(N)cc2)cc1,*Nc1ccc(NC(=O)c2ccc(NC(=O)c3ccc4ccc(C(*)=O)cc4c3)cc2)cc1,polyamide,0.309 
152,O=C=Nc1cccc(N=C=O)c1,OCCCCCCCCCCCCCCCCCCO,*OCCCCCCCCCCCCCCCCCCOC(=O)Nc1cccc(NC(*)=O)c1,polyurethane,0.309 
153,O=C(O)c1ccc(NC(=O)c2ccc(C(=O)Nc3ccc(C(=O)O)cc3)cc2)cc1,Nc1cc(=O)[nH]c(N)n1,*Nc1cc(=O)[nH]c(NC(=O)c2ccc(NC(=O)c3ccc(C(=O)Nc4ccc(C(*)=O)cc4)cc3)cc2)n1,polyamide,0.306 
154,O=C(O)c1cc[nH]c1C(=O)O,Nc1ccc(NC(=O)c2ccc(N)cc2)cc1,*Nc1ccc(C(=O)Nc2ccc(NC(=O)c3[nH]ccc3C(*)=O)cc2)cc1,polyamide,0.306 
155,O=C(O)COc1ccc(C(=O)O)cc1,Nc1ccc(C(=O)Nc2ccc(NC(=O)c3ccc(N)cc3)cc2)cc1,*Nc1ccc(C(=O)Nc2ccc(NC(=O)c3ccc(NC(=O)COc4ccc(C(*)=O)cc4)cc3)cc2)cc1,polyamide,0.305 
156,O=C(O)c1csc(C(=O)O)c1,Nc1ccc(C(=O)Nc2ccc(NC(=O)c3ccc(N)cc3)cc2)cc1,*Nc1ccc(C(=O)Nc2ccc(NC(=O)c3ccc(NC(=O)c4csc(C(*)=O)c4)cc3)cc2)cc1,polyamide,0.304 
157,O=C(O)c1ccc(OC(=O)c2ccc(O)cc2)cc1,,*Oc1ccc(C(=O)Oc2ccc(C(*)=O)cc2)cc1,polyester,0.300 
158,O=C(Cl)c1cccc(C(=O)Cl)c1,Nc1ccc(NC(=O)c2ccc(N)cc2)cc1,*Nc1ccc(C(=O)Nc2ccc(NC(=O)c3cccc(C(*)=O)c3)cc2)cc1,polyamide,0.300 
159,O=C(O)c1ccsc1C(=O)O,Nc1ccc(NC(=O)c2ccc(N)cc2)cc1,*Nc1ccc(C(=O)Nc2ccc(NC(=O)c3ccsc3C(*)=O)cc2)cc1,polyamide,0.300 
160,O=C=NCCCCCCCCCCN=C=O,OCCCCCCCCCCCCCCCCCCCCCCO,*OCCCCCCCCCCCCCCCCCCCCCCOC(=O)NCCCCCCCCCCNC(*)=O,polyurethane,0.298 
161,O=C=Nc1cccc(N=C=O)c1,OCCCCCCCCCCCCCCCCCCCCO,*OCCCCCCCCCCCCCCCCCCCCOC(=O)Nc1cccc(NC(*)=O)c1,polyurethane,0.297 
162,O=C(Cl)c1ccc(C(=O)Cl)o1,Nc1ccc(NC(=O)c2ccc(C(=O)Nc3ccc(N)cc3)cc2)cc1,*Nc1ccc(NC(=O)c2ccc(C(=O)Nc3ccc(NC(=O)c4ccc(C(*)=O)o4)cc3)cc2)cc1,polyamide,0.295 
163,O=C=NCCCCCCCCCCCCN=C=O,OCCCCCCCCCCCCCCCCO,*OCCCCCCCCCCCCCCCCOC(=O)NCCCCCCCCCCCCNC(*)=O,polyurethane,0.294 
164,O=C=Nc1ccc(N=C=O)cc1,OCCCCCCCCCCCCCCCCCCCO,*OCCCCCCCCCCCCCCCCCCCOC(=O)Nc1ccc(NC(*)=O)cc1,polyurethane,0.294 
165,O=C(O)c1cc[nH]c1C(=O)O,Nc1ccc(C(=O)Nc2ccc(NC(=O)c3ccc(N)cc3)cc2)cc1,*Nc1ccc(C(=O)Nc2ccc(NC(=O)c3ccc(NC(=O)c4cc[nH]c4C(*)=O)cc3)cc2)cc1,polyamide,0.293 
166,O=C(Cl)c1cncc(C(=O)Cl)c1,Nc1ccc(NC(=O)c2ccc(N)cc2)cc1,*Nc1ccc(C(=O)Nc2ccc(NC(=O)c3cncc(C(*)=O)c3)cc2)cc1,polyamide,0.291 
167,O=C(O)c1cc[nH]c1C(=O)O,Nc1ccc(NC(=O)c2ccc(C(=O)Nc3ccc(N)cc3)cc2)cc1,*Nc1ccc(NC(=O)c2ccc(C(=O)Nc3ccc(NC(=O)c4[nH]ccc4C(*)=O)cc3)cc2)cc1,polyamide,0.289 
168,O=C(O)c1ccsc1C(=O)O,Nc1ccc(NC(=O)c2ccc(N)cc2)cc1,*Nc1ccc(NC(=O)c2ccc(NC(=O)c3sccc3C(*)=O)cc2)cc1,polyamide,0.289 
169,O=C=NCCCCCCCCN=C=O,OCCCCCCCCCCCCCCCCCCCO,*OCCCCCCCCCCCCCCCCCCCOC(=O)NCCCCCCCCNC(*)=O,polyurethane,0.288 
170,O=C=Nc1ccc(N=C=O)cc1,Oc1ccc(N=Cc2ccc(C=Nc3ccc(O)cc3)cc2)cc1,*Oc1ccc(N=Cc2ccc(C=Nc3ccc(OC(=O)Nc4ccc(NC(*)=O)cc4)cc3)cc2)cc1,polyurethane,0.288 
171,O=C=Nc1ccc(N=C=O)cc1,O=C1C=CC(=O)c2c(O)ccc(O)c21,*Oc1ccc(OC(=O)Nc2ccc(NC(*)=O)cc2)c2c1C(=O)C=CC2=O,polyurethane,0.287 
172,O=C(Cl)c1ccc(C(=O)Cl)o1,Nc1ccc(C(=O)Nc2ccc(NC(=O)c3ccc(N)cc3)cc2)cc1,*Nc1ccc(C(=O)Nc2ccc(NC(=O)c3ccc(NC(=O)c4ccc(C(*)=O)o4)cc3)cc2)cc1,polyamide,0.285 
173,O=C(O)c1ccsc1C(=O)O,Nc1ccc(NC(=O)c2ccc(C(=O)Nc3ccc(N)cc3)cc2)cc1,*Nc1ccc(NC(=O)c2ccc(C(=O)Nc3ccc(NC(=O)c4ccsc4C(*)=O)cc3)cc2)cc1,polyamide,0.283 
174,O=C(O)c1cc(O)[nH]c(=O)c1,O=C(O)c1cc(O)co1,*Oc1cc(C(=O)Oc2coc(C(*)=O)c2)cc(=O)[nH]1,polyester,0.282 
175,O=C(O)c1ccsc1C(=O)O,Nc1ccc(C(=O)Nc2ccc(NC(=O)c3ccc(N)cc3)cc2)cc1,*Nc1ccc(C(=O)Nc2ccc(NC(=O)c3ccc(NC(=O)c4sccc4C(*)=O)cc3)cc2)cc1,polyamide,0.281 
176,O=C(O)c1ccsc1C(=O)O,Nc1ccc(NC(=O)c2ccc(C(=O)Nc3ccc(N)cc3)cc2)cc1,*Nc1ccc(NC(=O)c2ccc(C(=O)Nc3ccc(NC(=O)c4sccc4C(*)=O)cc3)cc2)cc1,polyamide,0.281 
177,O=C=Nc1cccc(N=C=O)c1,Oc1ccc(C=Nc2ccc(N=Cc3ccc(O)cc3)cc2)cc1,*Oc1ccc(C=Nc2ccc(N=Cc3ccc(OC(=O)Nc4cccc(NC(*)=O)c4)cc3)cc2)cc1,polyurethane,0.280 
178,O=C=Nc1cccc(N=C=O)c1,OCCCCCCCCCCCCCCCCCCCO,*OCCCCCCCCCCCCCCCCCCCOC(=O)Nc1cccc(NC(*)=O)c1,polyurethane,0.279 
179,O=C(O)c1ccoc1C(=O)O,Nc1ccc(C(=O)Nc2ccc(NC(=O)c3ccc(N)cc3)cc2)cc1,*Nc1ccc(C(=O)Nc2ccc(NC(=O)c3ccc(NC(=O)c4occc4C(*)=O)cc3)cc2)cc1,polyamide,0.279 
180,O=C(O)Cc1sccc1C(=O)O,Nc1ccc(C(=O)Nc2ccc(NC(=O)c3ccc(N)cc3)cc2)cc1,*Nc1ccc(C(=O)Nc2ccc(NC(=O)c3ccc(NC(=O)Cc4sccc4C(*)=O)cc3)cc2)cc1,polyamide,0.277 
181,O=C(Cl)COc1ccccc1OCC(=O)Cl,Nc1ccc(C(=O)Nc2ccc(NC(=O)c3ccc(N)cc3)cc2)cc1,*Nc1ccc(C(=O)Nc2ccc(NC(=O)c3ccc(NC(=O)COc4ccccc4OCC(*)=O)cc3)cc2)cc1,polyamide,0.273 
182,O=C(O)c1ccoc1C(=O)O,Nc1ccc(NC(=O)c2ccc(C(=O)Nc3ccc(N)cc3)cc2)cc1,*Nc1ccc(NC(=O)c2ccc(C(=O)Nc3ccc(NC(=O)c4occc4C(*)=O)cc3)cc2)cc1,polyamide,0.270 
183,O=C(O)COc1cccc(OCC(=O)O)c1,Nc1ccc(C(=O)Nc2ccc(NC(=O)c3ccc(N)cc3)cc2)cc1,*Nc1ccc(C(=O)Nc2ccc(NC(=O)c3ccc(NC(=O)COc4cccc(OCC(*)=O)c4)cc3)cc2)cc1,polyamide,0.267 
184,O=C(O)c1cc[nH]c1C(=O)O,Nc1ccc(NC(=O)c2ccc(N)cc2)cc1,*Nc1ccc(C(=O)Nc2ccc(NC(=O)c3cc[nH]c3C(*)=O)cc2)cc1,polyamide,0.266 
185,O=C(O)COc1ccc(C(=O)O)cc1,Nc1ccc(N)cc1,*Nc1ccc(NC(=O)COc2ccc(C(*)=O)cc2)cc1,polyamide,0.266 
186,O=C(O)Cc1sccc1C(=O)O,Nc1ccc(NC(=O)c2ccc(C(=O)Nc3ccc(N)cc3)cc2)cc1,*Nc1ccc(NC(=O)c2ccc(C(=O)Nc3ccc(NC(=O)c4ccsc4CC(*)=O)cc3)cc2)cc1,polyamide,0.265 
187,O=C(O)c1ccc(NC(=O)c2ccc(C(=O)Nc3ccc(C(=O)O)cc3)cc2)cc1,Nc1cc(=O)[nH]c(N)n1,*Nc1nc(NC(=O)c2ccc(NC(=O)c3ccc(C(=O)Nc4ccc(C(*)=O)cc4)cc3)cc2)cc(=O)[nH]1,polyamide,0.264 
188,O=C=Nc1ccc(N=C=O)cc1,O=C(CO)NCCO,*OCCNC(=O)COC(=O)Nc1ccc(NC(*)=O)cc1,polyurethane,0.264 
189,O=C(O)c1ccsc1C(=O)O,Nc1ccc(NC(=O)c2ccc(N)cc2)cc1,*Nc1ccc(C(=O)Nc2ccc(NC(=O)c3sccc3C(*)=O)cc2)cc1,polyamide,0.259 
190,O=C(Cl)COc1ccccc1OCC(=O)Cl,Nc1ccc(NC(=O)c2ccc(C(=O)Nc3ccc(N)cc3)cc2)cc1,*Nc1ccc(NC(=O)c2ccc(C(=O)Nc3ccc(NC(=O)COc4ccccc4OCC(*)=O)cc3)cc2)cc1,polyamide,0.259 
191,O=C=Nc1ccc(N=C=O)cc1,O=C(CO)CO,*OCC(=O)COC(=O)Nc1ccc(NC(*)=O)cc1,polyurethane,0.259 
192,O=C(O)c1cc[nH]c1C(=O)O,Nc1ccc(NC(=O)c2ccc(C(=O)Nc3ccc(N)cc3)cc2)cc1,*Nc1ccc(NC(=O)c2ccc(C(=O)Nc3ccc(NC(=O)c4cc[nH]c4C(*)=O)cc3)cc2)cc1,polyamide,0.258 
193,O=C(O)Cc1sccc1C(=O)O,Nc1ccc(NC(=O)c2ccc(N)cc2)cc1,*Nc1ccc(NC(=O)c2ccc(NC(=O)c3ccsc3CC(*)=O)cc2)cc1,polyamide,0.256 
194,O=C(O)c1cc[nH]c1C(=O)O,Nc1ccc(N)cc1,*Nc1ccc(NC(=O)c2cc[nH]c2C(*)=O)cc1,polyamide,0.253 
195,O=C(O)COc1cccc(OCC(=O)O)c1,Nc1ccc(NC(=O)c2ccc(C(=O)Nc3ccc(N)cc3)cc2)cc1,*Nc1ccc(NC(=O)c2ccc(C(=O)Nc3ccc(NC(=O)COc4cccc(OCC(*)=O)c4)cc3)cc2)cc1,polyamide,0.251 
196,O=C=Nc1ccc(N=C=O)cc1,Oc1nc(O)c2cc[nH]c2n1,*Oc1nc(OC(=O)Nc2ccc(NC(*)=O)cc2)c2cc[nH]c2n1,polyurethane,0.248 
197,O=C(O)c1cc[nH]c1C(=O)O,Nc1ccc(NC(=O)c2ccc(N)cc2)cc1,*Nc1ccc(NC(=O)c2ccc(NC(=O)c3[nH]ccc3C(*)=O)cc2)cc1,polyamide,0.248 
198,O=C(O)c1ccsc1C(=O)O,Nc1ccc(NC(=O)c2ccc(N)cc2)cc1,*Nc1ccc(NC(=O)c2ccc(NC(=O)c3ccsc3C(*)=O)cc2)cc1,polyamide,0.247 
199,O=C(O)Cc1sccc1C(=O)O,Nc1ccc(NC(=O)c2ccc(N)cc2)cc1,*Nc1ccc(C(=O)Nc2ccc(NC(=O)c3ccsc3CC(*)=O)cc2)cc1,polyamide,0.246 
200,O=C(O)c1ccc(OC(=O)c2ccc(O)cc2)cc1,O=C(O)c1cc(=O)oc2ccc(O)cc12,*Oc1ccc(C(=O)Oc2ccc(C(=O)Oc3ccc4oc(=O)cc(C(*)=O)c4c3)cc2)cc1,polyester,0.246 
201,O=C=Nc1ccc(N=C=O)cc1,OCc1ccc(CO)[nH]1,*OCc1ccc(COC(=O)Nc2ccc(NC(*)=O)cc2)[nH]1,polyurethane,0.244 
202,O=C(O)c1ccsc1C(=O)O,Nc1ccc2c(c1)=c1ccc(N)cc1=2,*Nc1ccc2c(c1)=c1ccc(NC(=O)c3ccsc3C(*)=O)cc1=2,polyamide,0.243 
203,O=C(O)Cc1sccc1C(=O)O,Nc1ccc(NC(=O)c2ccc(N)cc2)cc1,*Nc1ccc(C(=O)Nc2ccc(NC(=O)Cc3sccc3C(*)=O)cc2)cc1,polyamide,0.240 
204,O=C(O)Cc1sccc1C(=O)O,Nc1ccc(NC(=O)c2ccc(N)cc2)cc1,*Nc1ccc(NC(=O)c2ccc(NC(=O)Cc3sccc3C(*)=O)cc2)cc1,polyamide,0.239 
205,O=C(O)c1cc[nH]c1C(=O)O,Nc1ccc2c(c1)=c1ccc(N)cc1=2,*Nc1ccc2c(c1)=c1ccc(NC(=O)c3cc[nH]c3C(*)=O)cc1=2,polyamide,0.236 
206,O=C(O)c1cc[nH]c1C(=O)O,Nc1ccc(NC(=O)c2ccc(N)cc2)cc1,*Nc1ccc(NC(=O)c2ccc(NC(=O)c3cc[nH]c3C(*)=O)cc2)cc1,polyamide,0.235 
207,O=C(O)Cc1sccc1C(=O)O,Nc1ccc(C(=O)Nc2ccc(NC(=O)c3ccc(N)cc3)cc2)cc1,*Nc1ccc(C(=O)Nc2ccc(NC(=O)c3ccc(NC(=O)c4ccsc4CC(*)=O)cc3)cc2)cc1,polyamide,0.232 
208,O=C(O)Cc1sccc1C(=O)O,Nc1ccc(NC(=O)c2ccc(C(=O)Nc3ccc(N)cc3)cc2)cc1,*Nc1ccc(NC(=O)c2ccc(C(=O)Nc3ccc(NC(=O)Cc4sccc4C(*)=O)cc3)cc2)cc1,polyamide,0.229 
209,O=C=Nc1ccc(N=C=O)cc1,OCc1cocc1CO,*OCc1cocc1COC(=O)Nc1ccc(NC(*)=O)cc1,polyurethane,0.229 
210,O=C=Nc1cccc(N=C=O)c1,OCc1ccc(CO)[nH]1,*OCc1ccc(COC(=O)Nc2cccc(NC(*)=O)c2)[nH]1,polyurethane,0.228 
211,O=C(O)c1cc(O)[nH]c(=O)c1,,*Oc1cc(C(*)=O)cc(=O)[nH]1,polyester,0.227 
212,O=C1OC(=O)C2C3C=CC(C12)C1C(=O)OC(=O)C31,Nc1ccc(N)[nH]1,*c1ccc(N2C(=O)C3C4C=CC(C5C(=O)N(*)C(=O)C45)C3C2=O)[nH]1,polyimide,0.226 
213,O=C=Nc1ccc(N=C=O)cc1,O=c1c2cc3c(=O)n(CCO)c(=O)c3cc2c(=O)n1CCO,*OCCn1c(=O)c2cc3c(=O)n(CCOC(=O)Nc4ccc(NC(*)=O)cc4)c(=O)c3cc2c1=O,polyurethane,0.225 
214,O=C1COC(=O)CN1,,*OCC(=O)NCC(*)=O,polyester,0.219 
215,O=C(O)c1cc[nH]c1C(=O)O,Nc1ccc(N)cc1,*Nc1ccc(NC(=O)c2[nH]ccc2C(*)=O)cc1,polyamide,0.219 
216,O=C=Nc1cccc(N=C=O)c1,O=c1c2cc3c(=O)n(CCO)c(=O)c3cc2c(=O)n1CCO,*OCCn1c(=O)c2cc3c(=O)n(CCOC(=O)Nc4cccc(NC(*)=O)c4)c(=O)c3cc2c1=O,polyurethane,0.212 
217,O=C(O)c1cc[nH]c1C(=O)O,Nc1ccc2c(c1)=c1ccc(N)cc1=2,*Nc1ccc2c(c1)=c1ccc(NC(=O)c3[nH]ccc3C(*)=O)cc1=2,polyamide,0.208 
218,O=C(O)c1cc(=O)oc2ccc(O)cc12,O=C(O)c1ccc(OC(=O)c2ccc(O)cc2)cc1,*Oc1ccc2oc(=O)cc(C(=O)Oc3ccc(C(=O)Oc4ccc(C(*)=O)cc4)cc3)c2c1,polyester,0.204 
219,O=C(O)Cc1sccc1C(=O)O,Nc1ccc(N)cc1,*Nc1ccc(NC(=O)c2ccsc2CC(*)=O)cc1,polyamide,0.201 
220,O=C=Nc1ccc(N=C=O)cc1,OC1NC(=S)NC1O,*OC1NC(=S)NC1OC(=O)Nc1ccc(NC(*)=O)cc1,polyurethane,0.197 
221,O=C(O)Cc1sccc1C(=O)O,Nc1ccc(N)cc1,*Nc1ccc(NC(=O)Cc2sccc2C(*)=O)cc1,polyamide,0.196 
222,O=C1OC(=O)C2C3C=CC(C12)C1C(=O)OC(=O)C31,CC(=O)Nc1cc(NC(C)=O)c(N)cc1N,*c1cc(N2C(=O)C3C4C=CC(C5C(=O)N(*)C(=O)C45)C3C2=O)c(NC(C)=O)cc1NC(C)=O,polyimide,0.185 
223,NC(=O)C1CO1,,*CC(O*)C(N)=O,polyether,0.184 
224,O=C=Nc1ccc(N=C=O)cc1,O=c1[nH]c(=S)[nH]c(O)c1Cc1c(O)[nH]c(=S)[nH]c1=O,*Oc1[nH]c(=S)[nH]c(=O)c1Cc1c(OC(=O)Nc2ccc(NC(*)=O)cc2)[nH]c(=S)[nH]c1=O,polyurethane,0.182 
225,O=C=Nc1ccc(N=C=O)cc1,OCN1c2nonc2N(CO)c2nonc21,*OCN1c2nonc2N(COC(=O)Nc2ccc(NC(*)=O)cc2)c2nonc21,polyurethane,0.182 
226,C=CC(O)CO,O=C1CC(CO)=NC=C1O,*C(CC1N=C(CO)CC(=O)C1(*)O)C(O)CO,polyolefin,0.176 
227,O=C(O)c1cc(O)co1,O=C(O)c1cc(O)[nH]c(=O)c1,*Oc1coc(C(=O)Oc2cc(C(*)=O)cc(=O)[nH]2)c1,polyester,0.176 
228,C=CC(O)CO,O=C1CC(CO)=NC=C1O,*CC(C(O)CO)C1(O)C(=O)CC(CO)=NC1*,polyolefin,0.176 
229,C=CC(O)CO,OC1C=CCCCC1O,*CC(C(O)CO)C1CCCC(O)C(O)C1*,polyolefin,0.173 
230,O=C(O)c1cc(=O)oc2ccc(O)cc12,O=C(O)c1cc(O)[nH]c(=O)c1,*Oc1ccc2oc(=O)cc(C(=O)Oc3cc(C(*)=O)cc(=O)[nH]3)c2c1,polyester,0.172 
231,C=CC(O)CO,OC1=CCC(O)CC1,*CC(C(O)CO)C1CC(O)CCC1(*)O,polyolefin,0.171 
232,C=CC(O)CO,O=C1CC(CO)=NC=C1O,*CC(C(O)CO)C1N=C(CO)CC(=O)C1(*)O,polyolefin,0.171 
233,C=CC(O)CO,OC1=CCC(O)CC1,*CC(C(O)CO)C1(O)CCC(O)CC1*,polyolefin,0.170 
234,NC(=O)C1CO1,,*OCC(*)C(N)=O,polyether,0.168 
235,O=C1OC(=O)C2C3C=CC(C12)C1C(=O)OC(=O)C31,NC(=O)Nc1nc(N)nc(N)n1,*c1nc(NC(N)=O)nc(N2C(=O)C3C4C=CC(C5C(=O)N(*)C(=O)C45)C3C2=O)n1,polyimide,0.167 
236,C=CC(O)CO,OC1C=CCCCC1O,*CC(C(O)CO)C1C(*)CCCC(O)C1O,polyolefin,0.167 
237,C=CC(O)CO,OC1C=CCCCC1O,*C(CC1CCCC(O)C(O)C1*)C(O)CO,polyolefin,0.165 
238,O=C(O)c1ccncc1O,O=C(O)c1cc(O)[nH]c(=O)c1,*Oc1cnccc1C(=O)Oc1cc(C(*)=O)cc(=O)[nH]1,polyester,0.164 
239,C=CNC(N)=O,OC1=CCC(O)CC1,*CC(NC(N)=O)C1(O)CCC(O)CC1*,polyolefin,0.162 
240,C=CC(O)CO,OC1C=CCCCC1O,*C(CC1C(*)CCCC(O)C1O)C(O)CO,polyolefin,0.162 
241,C=CC(O)CO,O=C1CC(CO)=NC=C1O,*C(CC1(O)C(=O)CC(CO)=NC1*)C(O)CO,polyolefin,0.160 
242,C=CC(O)CO,OC1=CCC(O)CC1,*C(CC1CC(O)CCC1(*)O)C(O)CO,polyolefin,0.157 
243,O=C1OC(=O)C2C3C=CC(C12)C1C(=O)OC(=O)C31,Nc1nnnn1N=CC=Nn1nnnc1N,*c1nnnn1N=CC=Nn1nnnc1N1C(=O)C2C3C=CC(C4C(=O)N(*)C(=O)C34)C2C1=O,polyimide,0.157 
244,O=C(O)c1cc(O)[nH]c(=O)c1,O=C(O)c1cc(=O)oc2ccc(O)cc12,*Oc1cc(C(=O)Oc2ccc3oc(=O)cc(C(*)=O)c3c2)cc(=O)[nH]1,polyester,0.156 
245,C=CNC(N)=O,OC1=CCC(O)CC1,*CC(NC(N)=O)C1CC(O)CCC1(*)O,polyolefin,0.155 
246,O=C(O)c1cc(O)[nH]c(=O)c1,O=C(O)c1cnncc1O,*Oc1cc(C(=O)Oc2cnncc2C(*)=O)cc(=O)[nH]1,polyester,0.153 
247,O=C(O)c1cscc1O,O=C(O)c1cc(O)[nH]c(=O)c1,*Oc1cscc1C(=O)Oc1cc(C(*)=O)cc(=O)[nH]1,polyester,0.150 
248,O=C(O)c1cc(O)[nH]c(=O)c1,O=C(O)c1ccncc1O,*Oc1cc(C(=O)Oc2cnccc2C(*)=O)cc(=O)[nH]1,polyester,0.150 
249,C=CNC(N)=O,NC1=NC2=NC=CC2C(N)=N1,*C(CC1C(*)N=C2N=C(N)N=C(N)C21)NC(N)=O,polyolefin,0.146 
250,OCC1OC=CC(O)C1O,,*C1OC(CO)C(O)C(O)C1*,polyolefin,0.144 
251,C=CNC(N)=O,OC1=CCC(O)CC1,*C(CC1CC(O)CCC1(*)O)NC(N)=O,polyolefin,0.143 
252,C=CC(O)CO,OC1=CCC(O)CC1,*C(CC1(O)CCC(O)CC1*)C(O)CO,polyolefin,0.137 
253,O=C(O)c1cc(O)[nH]c(=O)c1,O=C(O)c1cscc1O,*Oc1cc(C(=O)Oc2cscc2C(*)=O)cc(=O)[nH]1,polyester,0.136 
254,O=C(O)c1cnncc1O,O=C(O)c1cc(O)[nH]c(=O)c1,*Oc1cnncc1C(=O)Oc1cc(C(*)=O)cc(=O)[nH]1,polyester,0.133 
255,C=CNC(N)=O,OC1=CCC(O)CC1,*C(CC1(O)CCC(O)CC1*)NC(N)=O,polyolefin,0.131 
256,NC1C=CC(O)C(O)C1O,,*C1C(*)C(O)C(O)C(O)C1N,polyolefin,0.130 
257,C=CNC(N)=O,NC1=NC2=NC=CC2C(N)=N1,*CC(NC(N)=O)C1N=C2N=C(N)N=C(N)C2C1*,polyolefin,0.127 
258,O=C(O)c1cscc1O,,*Oc1cscc1C(*)=O,polyester,0.120 
