No,ID,SMILES,TC
0,PI1,*CC*,0.456184962
1,PI2,*C(C*)C,0.25877338
2,PI3,*C(C*)CC,0.264363289
3,PI4,*C(C*)CCC,0.261130695
4,PI5,*C(C*)C(C)C,0.234342233
5,PI6,*C(C*)CCCC,0.275330549
6,PI7,*C(C*)CC(C)C,0.240918065
7,PI8,*C(C*)CCCCC,0.27463839
8,PI10,*C(C*)CCC(CC)C,0.265949678
9,PI11,*C(C*)CCCCCCC,0.3025418
10,PI12,*C(C*)CCCCCCCC,0.311086292
11,PI13,*C(C*)(C)C,0.239525744
12,PI14,*C(C*)(CC)C,0.238234779
13,PI15,*C(CC*)(C)C,0.243031165
14,PI16,*C(C(C*)C)(C)C,0.236350165
15,PI17,*C(CCC*)(C)C,0.26184049
16,PI18,*C(CCC*)(CC)C,0.255337725
17,PI19,*C(CCCCCCC*)C,0.335492597
18,PI20,*C(C*)C1CC1,0.241876535
19,PI21,*C(C*)C1CCC1,0.225308463
20,PI22,*C(C*)C1CCCC1,0.231107263
21,PI23,*C(C*)CC1CCCC1,0.258406248
22,PI24,*C(C*)C1CCCCC1,0.209246003
23,PI25,*C(C*)CC1CCCCC1,0.229332958
24,PI26,*C(C*)Cc1ccccc1,0.192462189
25,PI27,*C(C*)CCc1ccccc1,0.213754837
26,PI28,*C(C*)C(c1ccccc1)C,0.185319288
27,PI29,*C1CC(CC1)C*,0.316659421
28,PI30,*C(C*)CCCCCC,0.285305157
29,PI31,*C(C*)CCCCCCCCCC,0.342728736
30,PI32,*C(C*)CCCCCCCCCCCC,0.357973495
31,PI33,*C(C*)CCCCCCCCCCCCCCCC,0.373038526
32,PI35,*C(C*)C(CC)C,0.234228593
33,PI36,*C(C*)C(CC)CC,0.243101437
34,PI37,*C(C*)CC(CC)CC,0.26234017
35,PI38,*C(C*)CC(CC)C,0.263746378
36,PI39,*C(C*)CC(C)(C)C,0.234660455
37,PI40,*C(C*)CC(CC)(C)C,0.232292247
38,PI41,*C(C*)CCCC(C)(C)C,0.257288867
39,PI42,*C(C*)CCC1CCCCC1,0.251637679
40,PI43,*C(C*)CCCC1CCCCC1,0.265537579
41,PI44,*C1(CCC(CC1)C)C*,0.21062304
42,PI45,*C(C*)(CCC)C,0.243076256
43,PI46,*/C=C/CC*,0.303711437
44,PI47,*/C=C\CC*,0.266947942
45,PI48,*C=CCC*,0.314780299
46,PI49,*C(C)C(C)*,0.264498348
48,PI51,*C(C(CC*)C)C,0.254887827
49,PI52,*C1C(CCC1)CC*,0.250907231
50,PI53,*C=CCCCCCCCC*,0.343357529
51,PI54,*C(C*)CCCCCCCCCCCCCCCCCCCC,0.393169818
52,PI55,*/C=C/CCCCCCCCCC*,0.336324709
53,PI56,*C(C*)CCCCCCCCCCCCCC,0.365110117
54,PI57,*C=CCCCCCC*,0.302191029
55,PI58,*/C=C/CCC*,0.289325665
56,PI59,*C(C*)C(C)(C)C,0.210797175
57,PI60,*/C=C\CCCC*,0.263602776
58,PI61,*C(C*)CCCCCCCCCCCCC,0.349106811
59,PI62,*C(CC)C(CC)*,0.250042719
60,PI63,*C(C*)CCCCCCCCCCC,0.329033378
61,PI64,*C(C*)CCCCCCCCC,0.296879704
62,PI65,*C(C*)C1CC(CCC1)C,0.212366103
63,PI66,*C(C*)C1CCC(CC1)C,0.229479225
64,PI67,*C(C*)C1CC=CCC1,0.196699201
65,PI68,*C(=CCC*)CCCCCCC,0.278102134
66,PI69,*C(=CCC*)C(C)C,0.235767575
67,PI70,*/C=C\CCC*,0.244482147
68,PI71,*C(C*)CCC(C)(C)C,0.249457925
69,PI72,*C1C(CC1)*,0.236871624
70,PI73,*/C=C\*,0.573236329
71,PI74,*/C=C\CCCCC*,0.271936281
72,PI75,*C1CC(CC1)C=C*,0.309193929
73,PI76,*/C=C/C(C*)C(CC)C,0.237962753
74,PI77,*C(=CCC*)CCC,0.257522564
75,PI78,*C=CCCCCCCCCCC*,0.357300526
76,PI79,*C1(CCCCC1)C*,0.209508397
77,PI80,*C=CC(CCCCC*)C,0.264312063
78,PI81,*/C(=C\CC*)C(C)(C)C,0.230866797
79,PI82,*C(C*)c1ccccc1,0.203029804
80,PI83,*C(C*)c1c(cccc1)C,0.23889195
81,PI84,*C(C*)c1c(cccc1)CC,0.223756212
82,PI85,*C(C*)c1c(cccc1)COC,0.19732083
83,PI86,*C(C*)c1c(cccc1)COCC,0.211823768
84,PI87,*C(C*)c1c(cccc1)COCCC,0.22997739
85,PI88,*C(C*)c1c(cccc1)COC(C)C,0.220707828
86,PI89,*C(C*)c1c(cccc1)COCCCC,0.220379086
87,PI90,*C(C*)c1c(cccc1)COCCCCC,0.238571654
88,PI91,*C(C*)c1c(cccc1)COCCC(C)C,0.237360118
89,PI92,*C(C*)c1c(cccc1)COCc1ccccc1,0.204719244
90,PI93,*C(C*)c1c(cccc1)COCCc1ccccc1,0.206285623
91,PI94,*C(C*)c1c(cccc1)C(=O)NC,0.192915175
92,PI95,*C(C*)c1c(cccc1)C(=O)N(C)C,0.186909259
93,PI96,*C(C*)c1c(cccc1)C(=O)Nc1ccccc1,0.197508078
94,PI97,*C(C*)c1c(cccc1)C(=O)O,0.221643379
95,PI98,*C(C*)c1c(cccc1)C(=O)OC,0.193160544
96,PI99,*C(C*)c1c(cccc1)C(=O)OCC,0.216698631
97,PI100,*C(C*)c1c(cccc1)C(=O)OCCC,0.209516095
98,PI101,*C(C*)c1c(cccc1)C(=O)OC(C)C,0.208751466
99,PI102,*C(C*)c1c(cccc1)C(=O)OCCCC,0.225796643
100,PI103,*C(C*)c1c(cccc1)C(=O)OCC(C)C,0.203326994
101,PI104,*C(C*)c1c(cccc1)C(=O)OCCCCC,0.230202874
102,PI105,*C(C*)c1c(cccc1)C(=O)OCCC(C)C,0.218106694
103,PI106,*C(C*)c1c(cccc1)C(=O)OCCCCCC,0.238187774
104,PI107,*C(C*)c1c(cccc1)C(=O)Oc1ccccc1,0.192525654
105,PI108,*C(C*)c1c(cccc1)C(=O)OCCN(C)C,0.216260507
106,PI109,*C(C*)c1ccc(cc1)C(=O)OCCN(C)C,0.258067435
107,PI110,*C(C*)c1c(cccc1)OC,0.214975451
108,PI111,*C(C*)c1c(cccc1)Cl,0.155241408
109,PI112,*C(C*)c1c(cccc1)F,0.180059006
110,PI113,*C(C*)c1cc(ccc1)C,0.227224304
111,PI114,*C(C*)c1cc(ccc1)CC,0.230753147
112,PI115,*C(C*)c1cc(ccc1)c1ccc(cc1)c1ccccc1,0.222348269
113,PI116,*C(C*)c1cc(ccc1)Cl,0.141849652
114,PI117,*C(C*)c1cc(ccc1)F,0.165605561
115,PI118,*C(C*)c1ccc(cc1)C,0.207409376
116,PI119,*C(C*)c1ccc(cc1)CC,0.241331997
117,PI120,*C(C*)c1ccc(cc1)C(C)C,0.245006224
118,PI121,*C(C*)c1ccc(cc1)CCCC,0.246370764
119,PI122,*C(C*)c1ccc(cc1)C(C)(C)C,0.235879806
120,PI123,*C(C*)c1ccc(cc1)C(CC)C,0.23187009
121,PI124,*C(C*)c1ccc(cc1)CCCCCC,0.255178414
122,PI125,*C(C*)c1ccc(cc1)CCCCCCCC,0.284941701
123,PI126,*C(C*)c1ccc(cc1)CCCCCCCCC,0.276524365
124,PI127,*C(C*)c1ccc(cc1)CCCCCCCCCC,0.300936032
125,PI128,*C(C*)c1ccc(cc1)CCCCCCCCCCCC,0.302738789
126,PI129,*C(C*)c1ccc(cc1)CCCCCCCCCCCCCC,0.320037972
127,PI130,*C(C*)c1ccc(cc1)CCCCCCCCCCCCCCCC,0.337054547
128,PI131,*C(C*)c1ccc(cc1)CCCCCCCCCCCCCCCCCC,0.317277699
129,PI132,*C(C*)c1ccc(cc1)c1ccccc1,0.200955009
130,PI133,*C(C*)c1ccc(cc1)COCCOCC,0.249515883
131,PI134,*C(C*)c1ccc(cc1)C#N,0.174135805
132,PI135,*C(C*)c1ccc(cc1)Cl,0.150273069
133,PI136,*C(C*)c1ccc(cc1)Br,0.124850886
134,PI137,*C(C*)c1ccc(cc1)C(C(C(C(C(C(C(F)(F)F)(F)F)(F)F)(F)F)(F)F)(F)F)(F)F,0.116253947
135,PI138,*C(C*)c1ccc(cc1)C(=NO)C,0.262934975
136,PI139,*C(C*)c1ccc(cc1)C(O)(C)C,0.268025613
137,PI140,*C(C*)c1ccc(cc1)C(CC)(O)C,0.260987479
138,PI141,*C(C*)c1ccc(cc1)C(CCC)(O)C,0.266747745
139,PI142,*C(C*)c1ccc(cc1)C(CCCC)(O)C,0.262999518
140,PI143,*C(C*)c1ccc(cc1)C(CCCCC)(O)C,0.27418578
141,PI144,*C(C*)c1ccc(cc1)C(CCN(C)C)O,0.268210349
142,PI145,*C(C*)c1ccc(cc1)C(CCN1CCCCC1)O,0.250363552
143,PI146,*C(C*)c1ccc(cc1)C(CCN1CCOCC1)O,0.232670764
144,PI147,*C(C*)c1ccc(cc1)COC,0.228853851
145,PI148,*C(C*)c1ccc(cc1)COCCO,0.25859742
146,PI149,*C(C*)c1ccc(cc1)COCCC,0.237335127
147,PI150,*C(C*)c1ccc(cc1)COCCCC,0.260603141
148,PI151,*C(C*)c1ccc(cc1)COCCCCO,0.272183986
149,PI152,*C(C*)c1ccc(cc1)COC(CC)C,0.247595241
150,PI153,*C(C*)c1ccc(cc1)COCCCCCC,0.261210733
151,PI154,*C(C*)c1ccc(cc1)COCCOCCCC,0.2507784
152,PI155,*C(C*)c1ccc(cc1)C(=O)N(C)C,0.247926371
153,PI156,*C(C*)c1ccc(cc1)C(=O)N(CC)CC,0.241507546
154,PI157,*C(C*)c1ccc(cc1)C(=O)N1CCCCC1,0.235723579
155,PI158,*C(C*)c1ccc(cc1)C(=O)CCN1CCCCC1,0.245284571
156,PI159,*C(C*)c1ccc(cc1)C(=O)N1CCOCC1,0.22605657
157,PI160,*C(C*)c1ccc(cc1)C(=O)OC,0.223091355
158,PI161,*C(C*)c1ccc(cc1)C(=O)OCC,0.235563807
159,PI162,*C(C*)c1ccc(cc1)C(=O)OCCC,0.24176446
160,PI163,*C(C*)c1ccc(cc1)C(=O)OC(C)C,0.250453544
161,PI164,*C(C*)c1ccc(cc1)C(=O)OCCCC,0.261827286
162,PI165,*C(C*)c1ccc(cc1)C(=O)OCC(C)C,0.237523806
163,PI166,*C(C*)c1ccc(cc1)C(=O)OCCCCCC,0.258101979
164,PI167,*C(C*)c1ccc(cc1)C(=O)CC,0.244573024
165,PI168,*C(C*)c1ccc(cc1)C(=O)CCC,0.245764324
166,PI169,*C(C*)c1ccc(cc1)C(=O)CCCC,0.263241449
167,PI170,*C(C*)c1ccc(cc1)C(=O)CCCCC,0.258123945
168,PI171,*C(C*)c1ccc(cc1)C(=O)CCCCCCC,0.271736697
169,PI172,*C(C*)c1ccc(cc1)C(=O)Cc1ccccc1,0.219547247
170,PI173,*C(C*)c1ccc(cc1)C(=O)c1ccccc1,0.216592432
171,PI174,*C(C*)c1ccc(cc1)C(=O)c1ccc(cc1)C,0.242415832
172,PI175,*C(C*)c1ccc(cc1)F,0.163887726
173,PI176,*C(C*)c1ccc(cc1)I,0.097198673
174,PI177,*C(C*)c1ccc(cc1)N(C)C,0.270531824
175,PI178,*C(C*)c1ccc(cc1)OC,0.215501326
176,PI179,*C(C*)c1ccc(cc1)OCC,0.242464965
177,PI180,*C(C*)c1ccc(cc1)OCCC,0.243869844
178,PI181,*C(C*)c1ccc(cc1)OCCCC,0.246692673
179,PI182,*C(C*)c1ccc(cc1)OCCC(C)C,0.282457207
180,PI183,*C(C*)c1ccc(cc1)Oc1ccccc1,0.221253857
181,PI184,*C(C*)c1ccc(cc1)c1ccc(cc1)c1ccccc1,0.239465602
182,PI185,*C(C*)c1ccc(cc1)S(=O)(=O)OCCC,0.209057278
183,PI186,*C(C*)c1c(cccc1Cl)Cl,0.113806933
184,PI187,*C(C*)c1c(cc(cc1)C)C,0.214891697
185,PI188,*C(C*)c1c(cc(cc1)C(C)C)C(C)C,0.215437297
186,PI189,*C(C*)c1c(cc(cc1)F)C,0.167659758
187,PI190,*C(C*)c1c(cc(cc1)Cl)C,0.163669069
188,PI191,*C(C*)c1c(cc(cc1)Cl)Cl,0.107893694
189,PI192,*C(C*)c1c(ccc(c1)C)C,0.194019925
190,PI193,*C(C*)c1c(ccc(c1)C(C)(C)C)C,0.211943136
191,PI194,*C(C*)c1c(ccc(c1)C(C)C)C(C)C,0.190254382
192,PI195,*C(C*)c1c(ccc(c1)Cl)Cl,0.112111131
193,PI196,*C(C*)c1c(ccc(c1)F)F,0.146382976
194,PI197,*C(C*)c1c(ccc(c1)C)F,0.195322638
195,PI198,*C(C*)c1c(ccc(c1)Br)OCCCC,0.15926394
196,PI199,*C(C*)c1c(ccc(c1)Br)OCC,0.139419841
197,PI200,*C(C*)c1c(ccc(c1)Br)OC,0.128686133
198,PI201,*C(C*)c1c(ccc(c1)Br)OCCC,0.138151779
199,PI202,*C(C*)c1c(ccc(c1)Br)OC(C)C,0.144697579
200,PI203,*C(C*)c1c(ccc(c1)Br)OCCCCC,0.161556934
201,PI204,*C(C*)c1c(ccc(c1)Br)OCCC(C)C,0.156760429
202,PI205,*C(C*)c1cc(cc(c1)C)C,0.239838224
203,PI206,*C(C*)c1cc(c(cc1)C)C,0.222441085
204,PI207,*C(C*)c1cc(c(cc1)Cl)C,0.152412214
205,PI208,*C(C*)c1cc(c(cc1)Cl)Cl,0.108557769
206,PI209,*C(C*)c1cc(c(cc1)Cl)F,0.121296834
207,PI210,*C(C*)c1c(cc(cc1C)C)C,0.232927166
208,PI211,*C(C*)c1c(cc(c(c1)C)C)C,0.249066929
209,PI212,*C(C*)c1c(c(c(c(c1F)F)F)F)F,0.111121575
210,PI213,*C(C*)(c1ccccc1)C,0.20669134
211,PI214,*C(C*)(c1ccc(cc1)C(C)C)C,0.22250314
212,PI215,*C(C(*)(F)F)(c1ccccc1)F,0.209551814
213,PI216,*C(C(*)(F)F)(c1c(c(c(c(c1F)F)F)F)F)F,0.109340544
214,PI217,*C(C*)c1c2c(ccc1)cccc2,0.183531473
215,PI218,*C(C*)c1ccc(cc1)C(=O)C,0.237084593
216,PI219,*C(C*)c1ccc(cc1)C(=O)CCN1CCOCC1,0.241083815
217,PI220,*C(C*)(C(=O)OC)c1ccccc1,0.174256665
218,PI221,*C(C*)(c1ccc(cc1)C)C,0.206248478
219,PI222,*C(C(*)c1ccccc1)[N+](=O)[O-],0.16724356
220,PI223,*C(C*)c1ccc(cc1)C(=O)C(F)(F)F,0.154440392
221,PI224,*C(C*)c1ccc(cc1)C(=O)c1ccc(cc1)OC,0.245710563
222,PI225,*C(C*)c1cc2c(cc1)cccc2,0.189317179
223,PI226,*C(C*)c1ccncc1,0.194624132
224,PI227,*C(C*)c1nc(ccc1)C,0.231875326
225,PI228,*C(C*)c1ccc(nc1)C,0.216347814
226,PI229,*C(C*)N1Nc2c(C1)cccc2,0.210041586
227,PI230,*C(C(C(C*)c1ncccc1)c1ccccc1)c1ncccc1,0.19889562
228,PI231,*C(C*)c1ccc(cc1)O,0.28470777
229,PI232,*C(C*)c1ccc(cc1)OC(=O)C,0.259585297
230,PI233,*C(C*)c1ccc(cc1)CCC,0.242985282
231,PI234,*C(C*)c1ccc(cc1)COCCCCCCOc1ccc(cc1)c1ccc(cc1)OC,0.265685462
232,PI235,*C(C*)c1ccc(cc1)COCC(CCCC)CC,0.26087891
233,PI236,*C(C*)c1ccc(cc1)COCCOCCCCCCCC,0.266343252
234,PI237,*C(C*)c1ccc(cc1)C(C(C(C(C(C(F)F)(F)F)(F)F)(F)F)(F)F)(F)F,0.115569094
235,PI238,*C(CC(C*)c1ccccc1)(C(=O)OC)C#N,0.199800698
236,PI239,*C(C*)c1cc(c(cc1)C(=O)O)C(=O)O,0.3080457
237,PI240,*C(C(*)(c1c(c(c(c(c1[2H])[2H])[2H])[2H])[2H])[2H])([2H])[2H],0.198937871
238,PI241,*C(C*)O,0.438737902
239,PI242,*C(C*)C=O,0.267165471
240,PI243,*C(C*)OC(=O)CCCCCCCCCCC,0.282501246
241,PI246,*C(C*)C(=O)C,0.26561373
242,PI247,*C(C*)C(=O)C(C)C,0.225007493
243,PI248,*C(C*)(C(=O)C)C,0.212146266
244,PI249,*C(C*)C#N,0.227307045
245,PI250,*C(C*)(C#N)C,0.201063991
246,PI251,*C(C*)c1ncccc1,0.184406433
247,PI252,*C(C*)n1c2ccccc2c2ccccc12,0.178401902
248,PI253,*C(C*)OC,0.262373678
249,PI254,*C(C*)OCC,0.24221035
250,PI259,*C(C*)OC(=O)C,0.258656205
251,PI260,*C(C*)OC(=O)CC,0.254353251
252,PI261,*C(C*)OC(=O)c1ccccc1,0.186373384
253,PI263,*C(C*)CCCCCCCCCO,0.330609059
254,PI264,*C(C*)CCN(C(C)C)C(C)C,0.274221978
255,PI265,*C(C*)CCCN(C(C)C)C(C)C,0.27772076
256,PI266,*C(C*)CCCN(CC(C)C)CC(C)C,0.258228983
257,PI267,*C(C*)O[N+](=O)[O-],0.243039162
258,PI268,*C=CC(C(*)C(=O)OC)C,0.242911397
259,PI269,*C#C/C(=C(*)\COS(=O)(=O)c1ccc(cc1)C)COS(=O)(=O)c1ccc(cc1)C,0.255175548
260,PI270,*C(C*)OC=O,0.235150652
261,PI271,*C(C*)OCc1ccccc1,0.205595119
262,PI272,*C(C*)OC(C)(C)C,0.226849329
263,PI273,*C(C(*)OCC(C)C)C,0.222144713
264,PI274,*C(C*)OC(C)C,0.241975026
265,PI275,*C(C*)(OC)C,0.207223659
266,PI276,*C(C*)OCC(C)(C)C,0.218243316
267,PI277,*C(C*)OC(CC)C,0.235279019
268,PI278,*C(C*)OC(=O)C(F)(F)F,0.160012719
269,PI279,*/C=C/C(C*)OC,0.250969245
270,PI280,*C=CCC(CC*)(C(=O)OC)C,0.249826128
271,PI281,*C(C*)CCc1c(cccc1)C,0.237337805
272,PI282,*C(C*)CCc1ccc(cc1)C,0.23781263
273,PI283,*C(C*)OCCCCCCCCCCCC,0.325984117
274,PI284,*C(C(*)OCCCC)C,0.2476222
275,PI285,*C(C(*)OC(C)(C)C)C,0.203928088
276,PI286,*C(C(*)OCC)C,0.227848602
277,PI287,*C(C(*)OC(C)C)C,0.223844824
278,PI288,*C(C(*)OC)C,0.217127213
279,PI289,*C(C(*)OCCC)C,0.232191511
280,PI291,*C(C*)Cc1c(ccc(c1)C)C,0.219339206
281,PI292,*C(C*)Cc1cc(c(cc1)C)C,0.220624848
282,PI293,*C(C*)Cc1cc(cc(c1)C)C,0.227538068
283,PI294,*C(C*)Cc1cc(ccc1)C,0.213029156
284,PI295,*C(C*)Cc1c(cccc1)C,0.211243073
285,PI296,*C(C*)Cc1ccc(cc1)C,0.20880675
286,PI297,*C(C(*)O)C,0.269690871
287,PI298,*C(C*)OC(=O)c1ccc(cc1)C(C)(C)C,0.245177434
288,PI299,*C(C*)C(=O)C(C)(C)C,0.222675631
289,PI300,*C(C*)C(=O)C1CCCCC1,0.219884069
290,PI302,*C(C*)C(=O)c1c(cccc1)O,0.225341707
291,PI303,*C=CC(C*)OC,0.240715701
292,PI304,*C(=CCC*)c1ccccc1,0.209330511
293,PI305,*C(O)C(*)O,0.503119958
294,PI306,*C(C*)OCC(CCCC)CC,0.250639578
295,PI307,*C(C*)SCCCC,0.231505378
296,PI308,*C(C*)OC1CCCCC1,0.209300741
297,PI309,*C(C*)SCC,0.212352519
298,PI310,*C(C(*)(F)F)(OC(C(C(C(F)(F)F)(F)F)(F)F)(F)F)F,0.09864473
299,PI311,*C(C(*)(F)F)(OC(C(F)(F)F)(F)F)F,0.104992442
300,PI312,*C(C(*)(F)F)(OC(F)(F)F)OC(F)(F)F,0.096025647
301,PI313,*C(C(*)(F)F)OC(F)(F)F,0.113432798
302,PI314,*C(C(*)F)(OC(F)(F)F)F,0.115882336
303,PI315,*C(C(*)(F)F)(OC(F)(F)F)F,0.11540703
304,PI316,*C(C*)OCC(CC)(C)C,0.235379261
305,PI317,*C(C*)SC,0.202535215
306,PI319,*C(C*)OCCC,0.240692237
307,PI320,*C(C*)(C(=O)C)F,0.210118729
308,PI321,*C(C*)C(=O)c1ccccc1,0.183250902
309,PI322,*C(C*)C(=O)c1cc(c(cc1)Br)OC,0.149327416
310,PI323,*C(C*)C(=O)c1ccc(cc1)C(C)(C)C,0.231159229
311,PI324,*C(C*)C(=O)c1ccc(cc1)Cl,0.143955688
312,PI325,*C(C*)C(=O)c1ccc(cc1)CC,0.231546443
313,PI326,*C(C*)C(=O)c1ccc(cc1)C(C)C,0.236631114
314,PI327,*C(C*)C(=O)c1ccc(cc1)OC,0.228482209
315,PI328,*C(C*)C(=O)c1cc(c(cc1)C)C,0.223876284
316,PI329,*C(C*)C(=O)c1ccc(cc1)CCC,0.233892305
317,PI330,*C(C*)C(=O)c1ccc(cc1)C,0.217537979
318,PI331,*C(C*)OC(=O)c1c(cccc1)OC(=O)C,0.217738726
319,PI332,*C(C*)OC(=O)c1ccc(cc1)OC(=O)C,0.24818347
320,PI333,*C(C*)OC(=O)CCCC(=O)c1ccccc1,0.238763693
321,PI334,*C(C*)OC(=O)c1cc(ccc1)Br,0.137957273
322,PI335,*C(C*)OC(=O)c1ccc(cc1)Br,0.139742427
323,PI336,*C(C*)OC(=O)c1ccc(cc1)OC(=O)CCC,0.25604142
324,PI337,*C(C*)OC(=O)c1c(cccc1)Cl,0.171958387
325,PI338,*C(C*)OC(=O)c1cc(ccc1)Cl,0.153320971
326,PI339,*C(C*)OC(=O)c1ccc(cc1)Cl,0.15531743
327,PI340,*C(C*)OC(=O)C1CCCCC1,0.215272882
328,PI341,*C(C*)OC(=O)CC1CCCCC1,0.222720187
329,PI342,*C(C*)OC(=O)CCCC1CCCCC1,0.244722191
330,PI343,*C(C*)OC(=O)c1ccc(cc1)OCC,0.229699129
331,PI344,*C(C*)OC(=O)c1ccc(cc1)CC,0.231673795
332,PI346,*C(C*)OC(=O)C(C(C(F)(F)F)(F)F)(F)F,0.124821014
333,PI347,*C(C*)OC(=O)C1(C(C(C(C(C1(F)F)(F)F)(F)F)(F)F)(F)F)F,0.099404761
334,PI348,*C(C*)NC(=O)OC(C)(C)C,0.240864603
335,PI349,*C(C*)OC(=O)C(C(C(C(C(C(C(C(C(F)(F)F)(F)F)(F)F)(F)F)(F)F)(F)F)(F)F)(F)F)(F)F,0.117620774
336,PI350,*C(C*)OC(=O)C(C(C(C(C(F)(F)F)(F)F)(F)F)(F)F)(F)F,0.117573176
337,PI351,*C(C*)OC(=O)C(C(C(C(C(C(C(F)(F)F)(F)F)(F)F)(F)F)(F)F)(F)F)(F)F,0.118403797
338,PI352,*C(C*)OC(=O)C(C(F)(F)F)(F)F,0.134381971
339,PI353,*C(C*)OC(=O)C(C(C(C(F)(F)F)(F)F)(F)F)(F)F,0.117895156
340,PI354,*C(C*)OC(=O)c1ccncc1,0.194295907
341,PI355,*C(C*)OC(=O)c1ccc(cc1)C(C)C,0.241150434
342,PI356,*C(C*)OC(=O)C(C(C)C)(C(C)C)C,0.212645982
343,PI357,*C(C*)OC(=O)c1c(cccc1)OC,0.216310624
344,PI358,*C(C*)OC(=O)c1cc(ccc1)OC,0.21828481
345,PI359,*C(C*)OC(=O)c1ccc(cc1)OC,0.222833617
346,PI360,*C(C*)OC(=O)c1c(cccc1)C,0.223566569
347,PI361,*C(C*)OC(=O)c1cc(ccc1)C,0.210139794
348,PI362,*C(C*)OC(=O)c1ccc(cc1)C,0.205615125
349,PI363,*C(C*)OC(=O)CC(c1ccccc1)(C)C,0.205542847
350,PI364,*C(C*)OC(=O)C(CCC)(C)C,0.219638957
351,PI365,*C(C*)OC(=O)C(C(CC)(C)C)(C)C,0.20834975
352,PI366,*C(C*)OC(=O)C(C(C(C)C)C)(C)C,0.21225308
353,PI367,*C(C*)OC(=O)C(CC(C)(C)C)(C)C,0.214976534
354,PI368,*C(C*)OC(=O)c1cnccc1,0.195169036
355,PI369,*C(C*)OC(=O)c1cc(ccc1)[N+](=O)[O-],0.196771713
356,PI370,*C(C*)OC(=O)CCCCCCC,0.270802383
357,PI371,*C(C*)OC(C(F)(F)F)(C(F)(F)F)F,0.105366502
358,PI372,*C(C*)OC(=O)CCl,0.218868603
359,PI373,*C(C*)C1=CC=CS1,0.196546556
360,PI374,*C(C*)OCCCl,0.187521218
361,PI375,*C(C*)OCCOC,0.251788875
362,PI376,*C(C*)OCC(F)(F)F,0.150868966
363,PI377,*C(C*)(CC(=O)OCCCCCCC)C(=O)OCCCCCCC,0.268835353
364,PI378,*C(C*)OC(=O)C1CCCC1,0.23014149
365,PI379,*C(C*)OC(=O)C1(CCCCC1)C,0.199836391
366,PI380,*C(C*)P(=O)(c1ccccc1)c1ccccc1,0.152952702
367,PI381,*C(C*)P(=O)(OCC)N(C)C,0.207524248
368,PI382,*C(C*)P(=O)(N(C)C)Oc1ccccc1,0.193867563
369,PI383,*C(C*)c1nc(nc(n1)C)C,0.263398106
370,PI384,*C(C*)OC(=O)CCCCCCCCC,0.286467814
371,PI385,*C(C*)OC(=O)CCCCC,0.259631398
372,PI386,*C1c2c(CC1*)cccc2,0.161666133
373,PI387,*C1C(=O)OC(=O)C1C(C*)OC,0.21637842
374,PI388,*C(C(C(C*)OC)C(=O)O)C(=O)O,0.302701509
375,PI389,*C(=CCCC*)c1ccc(cc1)OC,0.225130935
376,PI390,*C(=CCCC*)c1ccccc1,0.210673224
377,PI391,*C(=CCCC*)c1ccc(cc1)Cl,0.170800563
378,PI392,*C(C*)CNc1ccc(cc1)[N+](=O)[O-],0.252535899
379,PI393,*C(C*)CNc1ncc(cc1)[N+](=O)[O-],0.238277713
380,PI394,*C(C*)CNc1c(cc(cc1)[N+](=O)[O-])C,0.245603324
381,PI395,*C(C*)CNc1cc(c(cc1)[N+](=O)[O-])C(F)(F)F,0.206534587
382,PI396,*C(C*)CNc1c(cc(cc1)[N+](=O)[O-])[N+](=O)[O-],0.236441097
383,PI397,*C1C(C(C(C1)C*)OC(=O)CCCCCCCCCCOc1ccc(cc1)c1ccc(cc1)C#N)OC(=O)CCCCCCCCCCOc1ccc(cc1)c1ccc(cc1)C#N,0.263259921
384,PI398,*C1C(CC(C1)C*)OC(=O)CCCCCCCCCCOc1ccc(cc1)c1ccc(cc1)C#N,0.268797476
385,PI399,*C1C(CC(C1)OC(=O)CCCCCCCCCCOc1ccc(cc1)c1ccc(cc1)C#N)CC*,0.2621942
386,PI400,*C(C*)N1CNCC1,0.239553034
387,PI402,*C(C*)OCCCCCCCCCCCCCCCCCC,0.364697261
388,PI403,*C(C*)OC(=O)c1ccc(cc1)C#N,0.188964216
389,PI404,*C(C*)OCC(CC(C)C)(C)C,0.254371124
390,PI405,*C(C(*)(F)F)(OC(C(F)F)F)F,0.143872872
391,PI406,*C(C*)C(=O)c1ccc(cc1)Br,0.12605159
392,PI407,*C(C*)OC(=O)CC1CCCC1,0.236625928
393,PI408,*C(C*)N1C(=O)CCC1,0.236040386
394,PI409,*C1C(C2C(C1)C(C(C2)CC*)OC(=O)CCCCCCCCCCOc1ccc(cc1)c1ccc(cc1)C#N)OC(=O)CCCCCCCCCCOc1ccc(cc1)c1ccc(cc1)C#N,0.248651693
395,PI410,*C(C*)C(=O)O,0.351557632
396,PI411,*C(C*)C(=O)OC,0.249473618
397,PI412,*C(C*)C(=O)OCC,0.261966182
398,PI413,*C(C*)C(=O)OCCC,0.245170112
399,PI414,*C(C*)C(=O)OC(C)C,0.251403563
400,PI415,*C(C*)C(=O)OCCCC,0.255094023
401,PI416,*C(C*)C(=O)OCC(C)C,0.241958713
402,PI418,*C(C*)C(=O)OC(C)(C)C,0.228960032
403,PI419,*C(C*)C(=O)OCCCCCC,0.259092425
404,PI420,*C(C*)C(=O)OCCCCCCC,0.258296751
405,PI421,*C(C*)C(=O)OCCCCCCCC,0.283339543
406,PI422,*C(C*)C(=O)OCCCCCCCCCCCC,0.309141226
407,PI423,*C(C*)C(=O)OCCCCCCCCCCCCCC,0.313712263
408,PI424,*C(C*)C(=O)OCCCCCCCCCCCCCCCC,0.333661973
409,PI425,*C(C*)C(=O)OCCCCCCCCCCCCCCCCCC,0.332315444
410,PI426,*C(C*)C(=O)OCCCCCCCCCCCCCCCCCCCCCC,0.358016945
411,PI427,*C(C*)C(=O)OCC=C,0.263380595
412,PI428,*C(C*)C(=O)OC1C2(CCC(C1)C2(C)C)C,0.208176754
413,PI429,*C(C*)C(=O)OCC(F)(F)F,0.164710423
414,PI430,*C(C*)C(=O)OCC(C(F)(F)F)(F)F,0.143562058
415,PI431,*C(C*)C(=O)OC(C(F)(F)F)C(F)(F)F,0.132233355
416,PI432,*C(C*)C(=O)OC(C(F)(F)F)(C(F)(F)F)F,0.115357789
417,PI433,*C(C*)C(=O)OC(C(Cl)(F)F)(C(F)(F)F)F,0.108082679
418,PI434,*C(C*)C(=O)OC(C(Cl)(F)F)(C(Cl)(F)F)F,0.102567279
419,PI435,*C(C*)C(=O)OCC(C(F)C(F)(F)F)(F)F,0.149880398
420,PI436,*C(C*)C(=O)OCC(C(C(F)(F)F)(F)F)(F)F,0.134586462
421,PI437,*C(C*)(C(=O)OC)C,0.214253377
422,PI438,*C(C*)(C(=O)OCC)C,0.214601581
423,PI439,*CC(*)(C)C(=O)OCCC,0.217185653
424,PI440,*CC(*)(C)C(=O)OC(C)C,0.212297791
425,PI441,*C(C*)(C(=O)OCCCC)C,0.223797866
426,PI442,*CC(*)(C)C(=O)OC(C)CC,0.219748019
427,PI443,*CC(*)(C)C(=O)OCC(C)C,0.211663838
428,PI444,*CC(*)(C)C(=O)OC(C)(C)C,0.199032877
429,PI445,*CC(*)(C)C(=O)OCCCCCC,0.247136147
430,PI446,*CC(*)(C)C(=O)OCCCCCCCC,0.263447418
431,PI447,*CC(*)(C)C(=O)OCCCCCCCCCCCC,0.297503097
432,PI448,*CC(*)(C)C(=O)OC1CCCCC1,0.188801438
433,PI449,*CC(*)(C)C(=O)Oc1ccccc1,0.192736665
434,PI450,*CC(*)(C)C(=O)OCc1ccccc1,0.196260903
435,PI451,*CC(*)(C)C(=O)OCCBr,0.156664784
436,PI452,*CC(*)(C)C(=O)OCc1ccccc1Cl,0.165076796
437,PI453,*CC(*)(C)C(=O)OCCO,0.250973925
438,PI454,*CC(*)(C)C(=O)OCCN(C)C,0.241329136
439,PI455,*CC(*)C(N)=O,0.444629702
440,PI456,*CC(*)C(=O)NC(C)C,0.262015599
441,PI457,*CC(*)C(=O)OC(CC)CC,0.245278243
442,PI458,*CC(*)C(=O)OC1CCCCC1,0.215312167
443,PI459,*CC(*)C(=O)OCC(C)(C)C,0.235321696
444,PI460,*CC(*)C(=O)OCCC#N,0.249017898
445,PI461,*CC(*)C(=O)N1CCCCC1,0.224880389
446,PI462,*CC(*)C(=O)N1CCOCC1,0.212390136
447,PI463,*CC(*)C(=O)Oc1ccccc1,0.204691395
448,PI464,*CC(*)C(=O)Oc1ccc(OC)cc1,0.230448188
449,PI465,*CC(*)C(=O)Oc1ccccc1C(=O)OC,0.219785117
450,PI466,*CC(*)C(=O)Oc1ccccc1C(=O)OCC,0.218273906
451,PI467,*CC(*)C(=O)Oc1cccc(C(=O)OC)c1,0.234531676
452,PI468,*CC(*)C(=O)Oc1cccc(C(=O)OCC)c1,0.235991614
453,PI469,*CC(*)C(=O)Oc1ccc(C(=O)OC)cc1,0.246881391
454,PI470,*CC(*)C(=O)Oc1ccc(C(=O)OCC)cc1,0.254460099
455,PI471,*CC(*)C(=O)Oc1ccc(C(=O)OCCCC)cc1,0.269375988
456,PI472,*CC(*)C(=O)Oc1ccc(-c2ccccc2)cc1,0.225714507
457,PI473,*CC(*)C(=O)OCc1ccccc1,0.203084164
458,PI474,*CC(*)C(=O)OCCc1ccccc1,0.218359976
459,PI475,*CC(*)C(=O)Oc1cccc(N(C)C)c1,0.265857865
460,PI476,*CC(*)C(=O)Oc1ccc(C#N)cc1,0.217648606
461,PI477,*CC(*)C(=O)OCc1ccc(C#N)cc1,0.206123134
462,PI478,*CC(*)C(=O)Oc1ccc(Cl)cc1Cl,0.148391912
463,PI479,*CC(*)C(=O)Oc1c(Cl)c(Cl)c(Cl)c(Cl)c1Cl,0.103950173
464,PI480,*CC(*)C(=O)N(C)C,0.254840576
465,PI481,*CC(*)(C)C(=O)OCCOC,0.229867686
466,PI482,*CC(*)(C)C(=O)OCC(C)O,0.247322516
467,PI483,*CC(*)(C)C(=O)OCCC#N,0.215065114
468,PI485,*CC(*)(C)C(=O)OCCO[N+](=O)[O-],0.219332193
469,PI486,*CC(*)(C)C(=O)OCCS(=O)CC,0.23559466
470,PI487,*CC(*)(C)C(=O)Oc1ccc(CC#N)cc1,0.207428616
471,PI488,*CC(*)(C)C(=O)Oc1ccc(C(=O)OC)cc1,0.243504441
472,PI489,*CC(*)(CC)C(=O)OCC,0.205025977
473,PI490,*CC(*)(CC(=O)OCC)C(=O)OCC,0.226726356
474,PI491,*CC(*)(CC(=O)OCCCC)C(=O)OCCCC,0.23939117
475,PI492,*CC(*)(CC(=O)OC1CCCCC1)C(=O)OC1CCCCC1,0.173081052
476,PI493,*CC(*)(CC(=O)OCC1CCCCC1)C(=O)OCC1CCCCC1,0.205021412
477,PI494,*CC(*)(CC(=O)OCCC1CCCCC1)C(=O)OCCC1CCCCC1,0.217195568
478,PI495,*CC(*)(CC(=O)OCCCC1CCCCC1)C(=O)OCCCC1CCCCC1,0.238263021
479,PI496,*CC(*)(CC(=O)Oc1ccccc1)C(=O)Oc1ccccc1,0.188229452
480,PI497,*CC(*)(CC(=O)OCc1ccccc1)C(=O)OCc1ccccc1,0.203256306
481,PI498,*CC(*)(CC(=O)OCCc1ccccc1)C(=O)OCCc1ccccc1,0.202653643
482,PI499,*CC(*)(CC(=O)OCCCc1ccccc1)C(=O)OCCCc1ccccc1,0.210081521
483,PI500,*CC(*)(C)C(=O)Oc1ccc(C#N)cc1,0.199831364
484,PI501,*CC(*)(CC(=O)OC)C(=O)OC,0.211788328
485,PI502,*C(*)C(=O)OCC,0.225814865
486,PI503,*C(*)C(=O)OC,0.222112653
487,PI504,*C(*)C(=O)OCCC,0.244933508
488,PI505,*CC(*)(CC(=O)OCCC)C(=O)OCCC,0.225769616
489,PI506,*CC(*)C(=O)OCCO,0.297878745
490,PI507,*CC(*)(CCC(C)C(=O)OC)C(=O)OC,0.238137173
491,PI508,*CC(*)C(=O)OC1CCCCCCCCCCC1,0.245455632
492,PI509,*C(C*)Cl,0.142730624
493,PI510,*C(C*)(F)F,0.148188116
494,PI511,*CC(*)(Cl)Cl,0.096200541
495,PI512,*C(F)C(*)(F)F,0.14138687
496,PI513,*C(F)(F)C(F)(F)*,0.19501973
497,PI514,*C(C(*)(F)F)(Cl)F,0.119922243
498,PI515,*CCC=C(*)Cl,0.156164169
499,PI516,*C(F)(F)C(*)(F)C(F)(F)F,0.082200976
500,PI517,*/C(=C/CC*)C,0.304049871
501,PI518,*CC/C=C(\*)C,0.232021285
502,PI519,*CC/C=C(/*)Cl,0.170304562
503,PI520,*CC/C=C(\*)Cl,0.150572404
504,PI521,*CC(*)C=C,0.273513817
505,PI522,*CCC=C(*)C,0.231880959
506,PI524,*OCC*,0.228362211
507,PI525,*OC(C*)C,0.239033549
508,PI526,*CC(CCl)O*,0.164668029
509,PI527,*CCCCO*,0.280752907
510,PI528,*Oc1c(cc(cc1C)*)C,0.250026591
511,PI529,*Oc1c(OC)cc(*)cc1OC,0.240386045
512,PI530,*Oc1c(-c2ccccc2)cc(*)cc1-c1ccccc1,0.184951114
513,PI531,*C(=O)OCCOC(=O)c1ccc(*)o1,0.228261215
514,PI532,*CCOCCOC(=O)c1cccc(C(=O)O*)c1,0.215430956
515,PI533,*CCOc1ccc(C(=O)OCCOC(=O)c2ccc(O*)cc2)cc1,0.247366967
516,PI534,*CCCCOc1ccc(C(=O)OCCOC(=O)c2ccc(O*)cc2)cc1,0.250970317
517,PI535,*Oc1ccc(NC(=O)c2cccc(C(=O)Nc3ccc(*)cc3)c2)cc1,0.300233168
518,PI536,*Oc1ccc(cc1)S(=O)(=O)c1ccc(cc1)*,0.203838738
519,PI537,*Oc1ccc(cc1)S(=O)(=O)c1ccc(cc1)Oc1ccc(cc1)C(c1ccc(cc1)*)(C)C,0.210272564
520,PI538,*Oc1ccc(S(=O)(=O)c2ccc(Oc3ccc(Cc4ccc(*)cc4)cc3)cc2)cc1,0.211169803
521,PI539,*Oc1ccc(cc1)C(c1ccc(cc1)OCC(C*)O)(C)C,0.22967917
522,PI540,*CC1CC(*)OC(CCC)O1,0.253400518
523,PI541,*Oc1ccc(cc1)Oc1ccc(cc1)C(=O)c1ccc(cc1)*,0.28329363
524,PI542,*Oc1cccc(S(=O)(=O)c2ccc(*)cc2)c1,0.169806655
525,PI543,*Oc1ccc(S(=O)(=O)c2ccc(Oc3ccc(C(c4ccc(*)cc4)(C(F)(F)F)C(F)(F)F)cc3)cc2)cc1,0.162123893
526,PI544,*Oc1ccc(S(=O)(=O)c2ccc(Oc3c(C)cc(C(C)(C)c4cc(C)c(*)c(C)c4)cc3C)cc2)cc1,0.207453817
527,PI545,*Oc1ccc(S(=O)(=O)c2ccc(Oc3ccc(-c4ccc(*)cc4)cc3)cc2)cc1,0.234731231
528,PI546,*Oc1ccc(Oc2ccc(Oc3ccc(S(=O)(=O)c4ccc(*)cc4)cc3)cc2)cc1,0.229938844
530,PI548,*CCOCC(=O)O*,0.238989416
531,PI549,*CCOCCOC(=O)c1ccc(-c2ccc(C(=O)O*)cc2)cc1,0.253846443
532,PI550,*Oc1ccc(S(=O)(=O)c2ccc(Oc3ccc(C(=O)c4cccc(C(=O)c5ccc(*)cc5)c4)cc3)cc2)cc1,0.213575422
533,PI551,*CCCCCCOC(=O)Nc1ccc(C)c(NC(=O)OCCCCCCOc2ccc(-c3ccc(O*)cc3)cc2)c1,0.272492356
534,PI552,*CS*,0.14812712
535,PI553,*CCS*,0.22117529
536,PI554,*CCCSS*,0.150655425
537,PI555,*Sc1ccc(cc1)*,0.165856187
538,PI556,*Oc1ccc(Sc2ccc(OC(*)=O)cc2)cc1,0.215699363
539,PI557,*OC(=O)CCC(=O)OCC*,0.237840575
540,PI558,*CCCCOC(=O)CCC(=O)O*,0.239020305
541,PI560,*OC(=O)CCCCCCCCC(=O)OCC*,0.257154282
542,PI561,*CCCCCCOC(=O)CCCCCCCCC(=O)O*,0.281178878
543,PI562,*OC(=O)c1ccc(cc1)C(=O)OCC*,0.235166491
544,PI563,*OC(=O)c1cc(ccc1)C(=O)OCC*,0.200585896
545,PI564,*OC(=O)c1ccc(cc1)C(=O)OCCCC*,0.25637618
546,PI565,*CCCCCCOC(=O)c1ccc(C(=O)O*)cc1,0.254809517
547,PI566,*Oc1ccc(cc1)C(c1ccc(cc1)OC(=O)c1ccc(cc1)C(=O)*)(C)C,0.27751155
548,PI567,*Oc1ccc(cc1)C(c1ccc(cc1)OC(=O)c1cc(ccc1)C(=O)*)(C)C,0.244415588
549,PI568,*OC(=O)c1cc2c(cc1)ccc(c2)C(=O)OCC*,0.22543537
550,PI569,*OC(=O)c1cc2c(cc1)cc(cc2)C(=O)OCC*,0.225246348
551,PI570,*CCCCOC(=O)CCCCC(=O)O*,0.259346678
552,PI571,*Oc1ccc(C2(c3ccc(OC(=O)c4cccc(C(*)=O)c4)cc3)c3ccccc3-c3ccccc32)cc1,0.216708127
553,PI572,*CCOC(=O)c1cccc2c(C(=O)O*)cccc12,0.212331447
554,PI573,*CCOC(=O)c1ccc(C(=O)O*)c2ccccc12,0.211562934
555,PI574,*CCCCCC(=O)O*,0.249772695
556,PI576,*CCCOC(=O)c1ccc(C(=O)O*)cc1,0.241216197
557,PI577,*Oc1ccc(cc1)c1ccc(cc1)OC(=O)CCCCCC(=O)*,0.265574997
558,PI578,*Oc1ccc(-c2ccc(OC(=O)CCCCCCC(*)=O)cc2)cc1,0.283829933
559,PI579,*Oc1ccc(-c2ccc(OC(=O)CCCCCCCC(*)=O)cc2)cc1,0.286484859
560,PI580,*Oc1ccc(-c2ccc(OC(=O)CCCCCCCCC(*)=O)cc2)cc1,0.290122557
561,PI581,*Oc1ccc(-c2ccc(OC(=O)CCCCCCCCCC(*)=O)cc2)cc1,0.275167556
562,PI582,*Oc1c(cc(cc1)OC(=O)c1ccc(cc1)c1ccc(cc1)C(=O)*)C,0.362079429
563,PI583,*Oc1ccc(cc1)S(=O)(=O)c1ccc(cc1)OC(=O)c1ccc(cc1)C(=O)*,0.251101033
564,PI584,*Oc1ccc(-c2ccc(OC(=O)CCCCCCCCCCC(*)=O)cc2)cc1,0.274021583
565,PI585,*Oc1ccc(-c2ccc(OC(=O)CCCCCCCCCCCC(*)=O)cc2)cc1,0.299849025
566,PI586,*Oc1ccc(-c2ccc(OC(=O)CCCCCCCCCCCCC(*)=O)cc2)cc1,0.279614546
567,PI587,*CC1CCC(COC(=O)CCC(=O)O*)CC1,0.229884201
568,PI589,*OC(C)CC(*)=O,0.215459839
569,PI590,*OC(C)C(*)=O,0.210749746
570,PI591,*CC(C)(CCC)C(=O)O*,0.211231836
571,PI592,*OC(=O)c1ccc(cc1)c1ccc(cc1)C*,0.272842323
572,PI593,*CC1CCC(COC(=O)CCCCCCCCC(=O)O*)CC1,0.262542365
573,PI594,*OC(=O)c1ccc(cc1)C(=O)NCCNC(=O)c1ccc(cc1)C(=O)OCCCCCCCCCC*,0.259588395
574,PI596,*CCOC(=O)C1CCC(C(=O)O*)CC1,0.235244695
575,PI597,*OC(=O)c1ccc(cc1)c1ccc(cc1)C(=O)OCC*,0.256386682
576,PI598,*OC(=O)CCCCCNC(=O)CCCCC(=O)NCCCCCC(=O)OCCCCCC*,0.274848798
577,PI599,*CCCCCCOC(=O)CCCCCCCC(=O)O*,0.283677138
578,PI600,*CCCCCCOC(=O)c1ccc(-c2ccc(C(=O)O*)cc2)cc1,0.280572663
579,PI602,*CC(C)(C)COC(=O)CCC(=O)O*,0.228303005
580,PI603,*Oc1ccc(cc1)C(c1ccc(cc1)OC(=O)CCCCC(=O)*)(C)C,0.248641039
581,PI604,*CCCCCCOC(=O)c1ccc2cc(C(=O)O*)ccc2c1,0.255211674
582,PI605,*CCCCCOC(=O)c1ccc2cc(C(=O)O*)ccc2c1,0.227057601
583,PI606,*CCCCOC(=O)c1ccc2cc(C(=O)O*)ccc2c1,0.224493248
584,PI607,*CCCOC(=O)c1ccc2cc(C(=O)O*)ccc2c1,0.242269675
585,PI608,*CCCCNC(=O)CCCCC(=O)N*,0.292070546
586,PI609,*NC(=O)CCCCC*,0.291903519
587,PI610,*NC(=O)CCCCC(=O)NCCCCCC*,0.307882451
588,PI611,*NC(=O)CCCCCCCCC(=O)NCCCCCC*,0.308756347
589,PI612,*CCCCCCC(=O)N*,0.310631867
590,PI613,*NC(=O)CCCCCCC*,0.304778171
591,PI614,*CCCCCCCCNC(=O)CCCCCCCCC(=O)N*,0.269519554
592,PI615,*CCCCCCCCC(=O)N*,0.307321668
593,PI616,*CCCCCCCCCC(=O)N*,0.30774671
594,PI617,*NC(=O)CCCCCCCCCC*,0.318229487
595,PI618,*CCCCCCCCCCCC(=O)N*,0.324815751
596,PI619,*CCCCCCCCCCCCC(=O)N*,0.341259433
597,PI620,*NC(=O)c1ccc(cc1)CC(=O)NCCCCCC*,0.282521025
598,PI621,*NC(=O)c1cc(ccc1)C(=O)Nc1ccc(cc1)c1ccc(cc1)*,0.351335092
599,PI622,*CCCCCCNC(=O)c1cccc(C(=O)N*)c1,0.261246475
600,PI623,*NC(=O)c1ccc(cc1)CC(=O)NCCC*,0.265458671
601,PI624,*NC1CC(C)(C)CC(C)(CNC(=O)CCCCC(*)=O)C1,0.236903048
602,PI625,*Cc1cccc(CNC(=O)CCCCC(=O)N*)c1,0.254557959
603,PI626,*NC(=O)c1ccc(cc1)C(=O)Nc1ccc(cc1)*,0.472805266
604,PI627,*NC(=O)c1ccc(cc1)C(=O)Nc1ccc(cc1)c1ccc(cc1)*,0.576386159
605,PI628,*NC(=O)c1ccc(cc1)C(=O)NCCCCCC*,0.293312511
606,PI629,*CCCCCCCCCNC(=O)c1ccc(C(=O)N*)cc1,0.305511131
607,PI630,*S(=O)(=O)c1ccc(cc1)NC(=O)CCCCC(=O)Nc1ccc(cc1)*,0.241731039
608,PI631,*NC(=O)C*,0.375345394
609,PI632,*NC(CCC(=O)OC)C(*)=O,0.256652184
610,PI633,*C(=O)CCCCCCCCC(=O)N1CCN(*)CC1,0.32743928
611,PI634,*CCCC(=O)N*,0.294452199
612,PI635,*CCCCNC(=O)CCCCCCC(=O)N*,0.295312596
613,PI636,*CCCCNC(=O)CCCCCCCCC(=O)N*,0.301718016
614,PI637,*CCCCCCCCCCCNC(=O)CCCCC(=O)N*,0.299843971
615,PI638,*CCCCCCCCCCCCNC(=O)CCCCCCCCCCC(=O)N*,0.304591986
616,PI639,*NC(=O)c1ccc(cc1)c1ccc(cc1)C(=O)NCCCCCC*,0.289397059
617,PI640,*NC(=O)c1ccc(cc1)C(c1ccc(cc1)C(=O)NCCCCCC*)(C)C,0.257140127
618,PI641,*CCCCCCCCCCC(=O)N(*)C,0.308782805
619,PI642,*N(C(=O)CCCCC(=O)NCCCCCC*)C,0.259093819
620,PI643,*N(C(=O)CCCCC(=O)N(CCCCCC*)C)C,0.281252179
621,PI644,*N1C(CCC1)C(=O)*,0.222937579
622,PI645,*NC(C(=O)*)CCC(=O)OCc1ccccc1,0.218660431
623,PI646,*NC(C(=O)*)C,0.252148669
624,PI648,*NC1CCC(CC2CCC(NC(=O)CCCCCCCCCCCCC(*)=O)CC2)CC1,0.31314051
625,PI649,*NC(CCC(=O)OCCCCC)C(*)=O,0.259084812
626,PI651,*NC(CCC(=O)OCCCCCC)C(*)=O,0.271224405
627,PI652,*NC(CCC(=O)OCC)C(*)=O,0.256531849
628,PI653,*NC(CCC(=O)OCCC)C(*)=O,0.251335537
629,PI654,*N(C(=O)c1ccc(cc1)C(=O)N(CCCC*)C)C,0.243271486
630,PI655,*CCCCCCNC(=O)c1ccc(C2(C)CC(C)(C)c3ccc(C(=O)N*)cc32)cc1,0.232150722
631,PI656,*OC(=O)NCCCCC*,0.315674518
632,PI657,*OC(=O)NCCCCCCNC(=O)OCCCC*,0.309061654
633,PI658,*OC(=O)NCC(C(C(C(CNC(=O)OCCCC*)(F)F)(F)F)(F)F)(F)F,0.192064224
634,PI659,*OC(=O)Nc1ccc(cc1)Cc1ccc(cc1)NC(=O)OCCCCCC*,0.281163344
635,PI660,*OC(=O)Nc1ccc(cc1)Cc1ccc(cc1)NC(=O)OCc1cc(ccc1)C*,0.252292339
636,PI661,*OC(=O)Nc1ccc(cc1)NC(=O)OCC*,0.296677392
637,PI662,*OC(=O)Nc1cc(ccc1)NC(=O)OCC*,0.261495011
638,PI663,*OC(=O)Nc1ccc(cc1)NC(=O)OCCCCCC*,0.321009139
639,PI664,*OC(=O)Nc1ccc(cc1)c1ccc(cc1)NC(=O)OCC*,0.321865027
640,PI665,*OC(=O)Nc1c2c(ccc1)c(ccc2)NC(=O)OCC*,0.255175643
641,PI666,*NC(=O)NCCCCCC*,0.325494009
642,PI667,*NC(=O)NCc1ccc(cc1)CNC(=O)NCCCCCC*,0.292985918
643,PI668,*NC(=O)NCCCCCCNC(=O)Nc1ccc(cc1)Cc1ccc(cc1)*,0.291631414
644,PI669,*NC(=O)Nc1ccc(cc1)Cc1ccc(cc1)*,0.347852967
645,PI670,*C(CCCCNC(=O)NCCCCCCNC(=O)N*)C(=O)OC,0.302361161
646,PI671,*c1ccc(Oc2ccc(N3C(=O)c4cc5C(=O)N(*)C(=O)c5cc4C3=O)cc2)cc1,0.42519848
647,PI672,*c1ccc(Oc2ccc(Oc3ccc(N4C(=O)c5cc6C(=O)N(*)C(=O)c6cc5C4=O)cc3)cc2)cc1,0.343936522
648,PI673,*C(=O)Oc1ccc(OC(=O)c2ccc3c(c2)C(=O)N(c2ccc(Oc4ccc(N5C(=O)c6ccc(*)cc6C5=O)cc4)cc2)C3=O)cc1,0.351158377
649,PI674,*c1ccc(Sc2ccc(-n3c(=O)c4cc5c(=O)n(*)c(=O)c5cc4c3=O)cc2)cc1,0.277607792
650,PI675,*n1c(=O)c2cc3c(cc2c1=O)c(=O)n(c3=O)CCCCCCCCC*,0.291014208
652,PI677,*c1ccc(Oc2ccc(N3C(=O)c4ccc(Oc5ccc6c(c5)C(=O)N(*)C6=O)cc4C3=O)cc2)cc1,0.318102166
653,PI678,*c1cc2c(C(=O)N(C2=O)c2ccc(cc2)S(=O)(=O)c2ccc(cc2)N2C(=O)c3c(C2=O)cc(cc3)C(=O)Nc2ccc(cc2)NC(=O)*)cc1,0.302433401
654,PI679,*c1ccc2c(c1)C(=O)N(c1ccc(Cc3ccc(N4C(=O)c5ccc(C(F)(F)C(F)(F)C(*)(F)F)cc5C4=O)cc3)cc1)C2=O,0.201372992
655,PI680,*c1cc2c(C(=O)N(C2=O)c2ccc(cc2)Oc2ccc(cc2)N2C(=O)c3c(C2=O)cc(cc3)C(C(C(*)(F)F)(F)F)(F)F)cc1,0.221414687
656,PI681,*c1cc2c(C(=O)N(C2=O)c2ccc(cc2)S(=O)(=O)c2ccc(cc2)N2C(=O)c3c(C2=O)cc(cc3)C(=O)Nc2ccc(cc2)Oc2ccc(cc2)NC(=O)*)cc1,0.288809096
658,PI684,*c1ccc(Cc2ccc(-n3c(=O)c4cc5c(=O)n(*)c(=O)c5cc4c3=O)c(C)c2)cc1C,0.315176584
661,PI687,*c1ccc(-c2ccc(-n3c(=O)c4cc5c(=O)n(*)c(=O)c5cc4c3=O)c(C)c2)cc1C,0.581158989
662,PI688,*c1ccc(-c2ccc(-n3c(=O)c4cc5c(=O)n(*)c(=O)c5cc4c3=O)c(OC)c2)cc1OC,0.515087068
663,PI689,*c1cccc(N2C(=O)c3cc4C(=O)N(*)C(=O)c4cc3C2=O)c1,0.335322506
664,PI690,*c1ccc(-n2c(=O)c3cc4c(=O)n(*)c(=O)c4cc3c2=O)c(C)c1,0.618759937
665,PI691,*c1cccc(-n2c(=O)c3cc4c(=O)n(*)c(=O)c4cc3c2=O)c1C,0.347931798
666,PI692,*c1c(C)c(C)c(-n2c(=O)c3cc4c(=O)n(*)c(=O)c4cc3c2=O)c(C)c1C,0.514344047
667,PI694,*c1ccc(Oc2cccc(Oc3ccc(N4C(=O)c5cc6C(=O)N(*)C(=O)c6cc5C4=O)cc3)c2)cc1,0.289920789
668,PI695,*c1ccc(Oc2ccc(-c3ccc(Oc4ccc(-n5c(=O)c6cc7c(=O)n(*)c(=O)c7cc6c5=O)cc4)cc3)cc2)cc1,0.419114901
669,PI696,*c1cccc(Oc2ccc(S(=O)(=O)c3ccc(Oc4cccc(-n5c(=O)c6cc7c(=O)n(*)c(=O)c7cc6c5=O)c4)cc3)cc2)c1,0.218423483
670,PI697,*c1ccc(Oc2ccc(C(c3ccc(Oc4ccc(-n5c(=O)c6cc7c(=O)n(*)c(=O)c7cc6c5=O)cc4)cc3)(C(F)(F)F)C(F)(F)F)cc2)cc1,0.219568135
671,PI698,*c1ccc(Oc2ccc(C(C)(C)c3ccc(Oc4ccc(N5C(=O)c6cc7C(=O)N(*)C(=O)c7cc6C5=O)cc4)cc3)cc2)cc1,0.291997587
672,PI699,*c1ccc(Oc2ccc(N3C(=O)c4ccc(-c5ccc6c(c5)C(=O)N(*)C6=O)cc4C3=O)cc2)cc1,0.349285387
673,PI700,*c1ccc(Oc2ccc(N3C(=O)c4ccc(-c5cccc6c5C(=O)N(*)C6=O)cc4C3=O)cc2)cc1,0.246678175
674,PI701,*N1C(=O)c2c(C1=O)cc(cc2)c1cc2c(C(=O)N(C2=O)c2ccc(cc2)Sc2ccc(cc2)*)cc1,0.266032562
675,PI702,*c1ccc(Cc2ccc(N3C(=O)c4ccc(-c5ccc6c(c5)C(=O)N(*)C6=O)cc4C3=O)cc2)cc1,0.310513378
676,PI703,*c1ccc2c(c1)Cc1cc(N3C(=O)c4ccc(-c5ccc6c(c5)C(=O)N(*)C6=O)cc4C3=O)ccc1-2,0.460950768
677,PI704,*N1C(=O)c2c(C1=O)cc(cc2)c1cc2c(C(=O)N(C2=O)c2ccc(cc2)c2ccc(cc2)*)cc1,0.509455585
678,PI705,*c1ccc(N2C(=O)c3ccc(-c4ccc5c(c4)C(=O)N(*)C5=O)cc3C2=O)cc1,0.481624413
679,PI706,*c1cccc(N2C(=O)c3ccc(-c4ccc5c(c4)C(=O)N(*)C5=O)cc3C2=O)c1,0.328084105
680,PI707,*c1ccc(C)c(N2C(=O)c3ccc(-c4ccc5c(c4)C(=O)N(*)C5=O)cc3C2=O)c1,0.275354427
681,PI708,*c1ccc(N2C(=O)c3ccc(-c4ccc5c(c4)C(=O)N(*)C5=O)cc3C2=O)c(C)c1,0.374689314
682,PI709,*c1cccc(N2C(=O)c3ccc(-c4ccc5c(c4)C(=O)N(*)C5=O)cc3C2=O)c1C,0.301425488
683,PI710,*c1ccc(-c2ccc(N3C(=O)c4ccc(-c5ccc6c(c5)C(=O)N(*)C6=O)cc4C3=O)c(C)c2)cc1C,0.46287727
684,PI711,*c1ccc(-c2ccc(N3C(=O)c4ccc(-c5ccc6c(c5)C(=O)N(*)C6=O)cc4C3=O)c(OC)c2)cc1OC,0.401240453
685,PI712,*c1ccc(-c2ccc(-c3ccc(N4C(=O)c5ccc(-c6ccc7c(c6)C(=O)N(*)C7=O)cc5C4=O)cc3)cc2)cc1,0.51076025
686,PI713,*c1cccc2c(N3C(=O)c4ccc(-c5ccc6c(c5)C(=O)N(*)C6=O)cc4C3=O)cccc12,0.315217824
687,PI714,*c1ccc(Cc2ccc(N3C(=O)c4ccc(-c5ccc6c(c5)C(=O)N(*)C6=O)cc4C3=O)c(C)c2)cc1C,0.279064652
688,PI715,*c1ccc(N2C(=O)c3ccc(-c4ccc5c(c4)C(=O)N(*)C5=O)cc3C2=O)nc1,0.482912726
689,PI716,*c1ccc(Oc2ccc(-c3ccc(Oc4ccc(N5C(=O)c6ccc(-c7ccc8c(c7)C(=O)N(*)C8=O)cc6C5=O)cc4)cc3)cc2)cc1,0.339042351
690,PI717,*c1ccc(Oc2ccc(C(C)(C)c3ccc(Oc4ccc(N5C(=O)c6ccc(-c7ccc8c(c7)C(=O)N(*)C8=O)cc6C5=O)cc4)cc3)cc2)cc1,0.317184763
691,PI718,*c1ccc(Oc2ccc(C(c3ccc(Oc4ccc(N5C(=O)c6ccc(-c7ccc8c(c7)C(=O)N(*)C8=O)cc6C5=O)cc4)cc3)(C(F)(F)F)C(F)(F)F)cc2)cc1,0.230715582
692,PI719,*c1cccc(Oc2ccc(S(=O)(=O)c3ccc(Oc4cccc(N5C(=O)c6ccc(-c7ccc8c(c7)C(=O)N(*)C8=O)cc6C5=O)c4)cc3)cc2)c1,0.227124785
693,PI720,*N1C(=O)c2c(C1=O)cc(cc2)Oc1cc2c(C(=O)N(C2=O)CCCCCC*)cc1,0.218711009
694,PI721,*c1ccc(N2C(=O)c3ccc(Oc4ccc5c(c4)C(=O)N(*)C5=O)cc3C2=O)cc1,0.341065511
695,PI722,*N1C(=O)c2c(C1=O)cc(cc2)Oc1cc2c(C(=O)N(C2=O)c2ccc(cc2)c2ccc(cc2)*)cc1,0.314812658
696,PI723,*c1cccc(Oc2ccc(N3C(=O)c4ccc(Oc5ccc6c(c5)C(=O)N(*)C6=O)cc4C3=O)cc2)c1,0.248953031
697,PI724,*c1ccc(Oc2cccc(Oc3ccc(N4C(=O)c5ccc(Oc6ccc7c(c6)C(=O)N(*)C7=O)cc5C4=O)cc3)c2)cc1,0.239797409
698,PI725,*c1ccc(Oc2ccc(Oc3ccc(N4C(=O)c5ccc(Oc6ccc7c(c6)C(=O)N(*)C7=O)cc5C4=O)cc3)cc2)cc1,0.260809088
699,PI726,*c1cccc(Oc2ccc(N3C(=O)c4ccc(C(c5ccc6c(c5)C(=O)N(*)C6=O)(C(F)(F)F)C(F)(F)F)cc4C3=O)cc2)c1,0.170631828
700,PI727,*c1ccc(Oc2ccc(N3C(=O)c4ccc(C(c5ccc6c(c5)C(=O)N(*)C6=O)(C(F)(F)F)C(F)(F)F)cc4C3=O)cc2)cc1,0.205297018
701,PI728,*c1ccc(Oc2ccc(Oc3ccc(N4C(=O)c5ccc(C(c6ccc7c(c6)C(=O)N(*)C7=O)(C(F)(F)F)C(F)(F)F)cc5C4=O)cc3)cc2)cc1,0.20429123
702,PI729,*c1ccc2c(c1)C(=O)N(c1ccc(Oc3cccc(Oc4ccc(N5C(=O)c6ccc(C(*)(C(F)(F)F)C(F)(F)F)cc6C5=O)cc4)c3)cc1)C2=O,0.179360522
703,PI730,*c1ccc2c(c1)C(=O)N(c1cccc(Oc3cccc(Oc4cccc(N5C(=O)c6ccc(C(*)(C(F)(F)F)C(F)(F)F)cc6C5=O)c4)c3)c1)C2=O,0.163896306
704,PI731,*c1cc2c(C(=O)N(C2=O)c2cc(ccc2)C(=O)c2cc(ccc2)N2C(=O)c3c(C2=O)cc(cc3)C(=O)*)cc1,0.23166303
705,PI732,*c1cc2c(C(=O)N(C2=O)c2cc(ccc2)NC(=O)c2cc(ccc2)N2C(=O)c3c(C2=O)cc(cc3)C(=O)*)cc1,0.248247801
706,PI733,*C(=O)c1ccc2c(c1)C(=O)N(c1cccc(C(=O)Nc3ccc(N4C(=O)c5ccc(*)cc5C4=O)cc3)c1)C2=O,0.282680928
707,PI734,*C(=O)c1ccc2c(c1)C(=O)N(c1ccc(C(=O)Nc3cccc(N4C(=O)c5ccc(*)cc5C4=O)c3)cc1)C2=O,0.299190121
708,PI735,*C(=O)c1ccc2c(c1)C(=O)N(c1cccc(C(=O)N(C)c3ccc(N4C(=O)c5ccc(*)cc5C4=O)cc3)c1)C2=O,0.253404651
709,PI736,*C(=O)c1ccc2c(c1)C(=O)N(c1ccc(Oc3ccc(C(=O)c4cccc(C(=O)c5ccc(Oc6ccc(N7C(=O)c8ccc(*)cc8C7=O)cc6)cc5)c4)cc3)cc1)C2=O,0.261879265
710,PI737,*c1cccc(N2C(=O)c3ccc(C(=O)c4ccc5c(c4)C(=O)N(*)C5=O)cc3C2=O)c1,0.246673488
711,PI738,*C(=O)c1ccc2c(c1)C(=O)N(c1ccc(C)c(N3C(=O)c4ccc(*)cc4C3=O)c1)C2=O,0.229606072
712,PI739,*C(=O)c1ccc2c(c1)C(=O)N(c1ccc(N3C(=O)c4ccc(*)cc4C3=O)c(C)c1)C2=O,0.27875452
713,PI740,*C(=O)c1ccc2c(c1)C(=O)N(c1cccc(N3C(=O)c4ccc(*)cc4C3=O)c1C)C2=O,0.256559347
714,PI741,*C(=O)c1ccc2c(c1)C(=O)N(c1c(C)c(C)c(N3C(=O)c4ccc(*)cc4C3=O)c(C)c1C)C2=O,0.259917753
715,PI742,*C(=O)c1ccc2c(c1)C(=O)N(c1ccc(-c3ccc(N4C(=O)c5ccc(*)cc5C4=O)c(C)c3)cc1C)C2=O,0.3105729
716,PI743,*C(=O)c1ccc2c(c1)C(=O)N(c1ccc(-c3ccc(N4C(=O)c5ccc(*)cc5C4=O)c(OC)c3)cc1OC)C2=O,0.299180817
717,PI744,*C(=O)c1ccc2c(c1)C(=O)N(c1ccc(-c3ccc(-c4ccc(N5C(=O)c6ccc(*)cc6C5=O)cc4)cc3)cc1)C2=O,0.373595654
718,PI745,*C(=O)c1ccc2c(c1)C(=O)N(c1ccc3c(c1)Cc1cc(N4C(=O)c5ccc(*)cc5C4=O)ccc1-3)C2=O,0.3325687
719,PI746,*c1ccc(Oc2ccc(N3C(=O)c4ccc(C(=O)c5ccc6c(c5)C(=O)N(*)C6=O)cc4C3=O)cc2)cc1,0.287757726
720,PI747,*C(=O)c1ccc2c(c1)C(=O)N(c1ccc(Sc3ccc(N4C(=O)c5ccc(*)cc5C4=O)cc3)cc1)C2=O,0.237456292
721,PI748,*C(=O)c1ccc2c(c1)C(=O)N(c1ccc(Cc3ccc(N4C(=O)c5ccc(*)cc5C4=O)cc3)cc1)C2=O,0.272615302
722,PI749,*C(=O)c1ccc2c(c1)C(=O)N(c1ccc(Cc3ccc(N4C(=O)c5ccc(*)cc5C4=O)c(C)c3)cc1C)C2=O,0.253414349
723,PI750,*C(=O)c1ccc2c(c1)C(=O)N(c1ccc(N3C(=O)c4ccc(*)cc4C3=O)nc1)C2=O,0.293057796
724,PI751,*C(=O)c1ccc2c(c1)C(=O)N(c1ccc(-c3ccc(N4C(=O)c5ccc(*)cc5C4=O)cc3)cc1)C2=O,0.374004427
725,PI752,*c1ccc(N2C(=O)c3ccc(C(=O)c4ccc5c(c4)C(=O)N(*)C5=O)cc3C2=O)cc1,0.31707915
726,PI753,*c1cc2c(C(=O)N(C2=O)c2cc(ccc2)OCCOCCOc2cc(ccc2)N2C(=O)c3c(C2=O)cc(cc3)C(=O)*)cc1,0.232989048
727,PI754,*C(=O)c1ccc2c(c1)C(=O)N(c1ccc(Oc3ccc(-c4ccc(Oc5ccc(N6C(=O)c7ccc(*)cc7C6=O)cc5)cc4)cc3)cc1)C2=O,0.33194566
728,PI755,*c1ccc(Oc2ccc(C(C)(C)c3ccc(Oc4ccc(N5C(=O)c6ccc(C(=O)c7ccc8c(c7)C(=O)N(*)C8=O)cc6C5=O)cc4)cc3)cc2)cc1,0.278491279
729,PI756,*C(=O)c1ccc2c(c1)C(=O)N(c1ccc(Oc3ccc(C(c4ccc(Oc5ccc(N6C(=O)c7ccc(*)cc7C6=O)cc5)cc4)(C(F)(F)F)C(F)(F)F)cc3)cc1)C2=O,0.230541679
730,PI758,*N1C(=O)c2c(C1=O)cc(cc2)Oc1ccc(cc1)S(=O)(=O)c1ccc(cc1)Oc1cc2c(C(=O)N(C2=O)c2cc(ccc2)S(=O)(=O)c2cc(ccc2)*)cc1,0.196371018
731,PI759,*c1cccc(N2C(=O)c3ccc(Oc4ccc(C(C)(C)c5ccc(Oc6ccc7c(c6)C(=O)N(*)C7=O)cc5)cc4)cc3C2=O)c1,0.234647472
732,PI760,*N1C(=O)c2c(C1=O)cc(cc2)Oc1ccc(cc1)S(=O)(=O)c1ccc(cc1)Oc1cc2c(C(=O)N(C2=O)c2cc(ccc2)*)cc1,0.222521804
733,PI761,*N1C(=O)c2c(C1=O)cc(cc2)Oc1ccc(cc1)S(=O)(=O)c1ccc(cc1)Oc1cc2c(C(=O)N(C2=O)c2ccc(cc2)Oc2ccc(cc2)*)cc1,0.247598756
734,PI762,*c1ccc2c(c1)C(=O)N(c1ccc(Cc3ccc(N4C(=O)c5ccc(C(*)(C(F)(F)F)C(F)(F)F)cc5C4=O)cc3)cc1)C2=O,0.197639356
735,PI763,*c1ccc2c(c1)C(=O)N(c1ccc(C(C)(C)c3ccc(N4C(=O)c5ccc(C(*)(C(F)(F)F)C(F)(F)F)cc5C4=O)cc3)cc1)C2=O,0.188288469
736,PI764,*C(=O)NCCNC(=O)c1ccc(N2C(=O)c3ccc(*)cc3C2=O)cc1,0.262578056
737,PI765,*c1cc2c(C(=O)N(C2=O)c2ccc(cc2)C(=O)NCCCCCCNC(=O)*)cc1,0.30396234
738,PI766,*C(=O)Nc1ccc(Cc2ccc(NC(=O)c3ccc(N4C(=O)c5ccc(*)cc5C4=O)cc3)cc2)cc1,0.335151924
739,PI767,*C(=O)NC1CCC(CC2CCC(NC(=O)c3ccc(N4C(=O)c5ccc(*)cc5C4=O)cc3)CC2)CC1,0.308291763
740,PI768,*c1cccc(N2C(=O)c3ccc(Oc4ccc5c(c4)C(=O)N(*)C5=O)cc3C2=O)c1,0.256393833
741,PI769,*N1C(=O)c2c(C1=O)cc(cc2)Oc1cc2c(C(=O)N(C2=O)c2ccc(cc2)Cc2ccc(cc2)*)cc1,0.279008786
742,PI770,*c1ccc(Oc2ccc(N3C(=O)c4ccc(Oc5ccc(C(c6ccc(Oc7ccc8c(c7)C(=O)N(*)C8=O)cc6)(C(F)(F)F)C(F)(F)F)cc5)cc4C3=O)cc2)cc1,0.220106642
743,PI771,*c1cccc(Oc2ccc(N3C(=O)c4ccc(-c5ccc6c(c5)C(=O)N(*)C6=O)cc4C3=O)cc2)c1,0.281444426
744,PI772,*C(=O)Nc1ccccc1NC(=O)c1ccc(N2C(=O)c3ccc(*)cc3C2=O)cc1,0.229940242
745,PI773,*C(=O)Nc1cccc(NC(=O)/C=C/c2cccc(N3C(=O)c4ccc(*)cc4C3=O)c2)c1,0.283388677
746,PI774,*C(=O)Nc1cccc(/C=C/C(=O)/C=C/c2cccc(NC(=O)c3ccc(N4C(=O)c5ccc(*)cc5C4=O)cc3)c2)c1,0.288072027
747,PI775,*c1ccc2c(c1)C(=O)N(c1ccc(Oc3ccc(N4C(=O)c5ccc(C(C)(C)CCCCC(*)(C)C)cc5C4=O)cc3)cc1)C2=O,0.234181621
748,PI776,*c1ccc(Oc2cccc3c(Oc4ccc(-n5c(=O)c6cc7c(=O)n(*)c(=O)c7cc6c5=O)cc4)cccc23)cc1,0.317593927
749,PI777,*N1C(=O)c2c(C1=O)cc(cc2)Oc1cc2c(C(=O)N(C2=O)c2ccc(cc2)Oc2c3c(ccc2)c(ccc3)Oc2ccc(cc2)*)cc1,0.272013483
750,PI778,*C(=O)c1ccc2c(c1)C(=O)N(c1ccc(Oc3cccc4c(Oc5ccc(N6C(=O)c7ccc(*)cc7C6=O)cc5)cccc34)cc1)C2=O,0.253248203
751,PI779,*c1ccc2c(c1)C(=O)N(c1ccc(Oc3ccc(C(c4ccc(Oc5ccc(N6C(=O)c7ccc(C(*)(C(F)(F)F)C(F)(F)F)cc7C6=O)cc5)cc4)(C(F)(F)F)C(F)(F)F)cc3)cc1)C2=O,0.178824304
752,PI780,*c1ccc(N2C(=O)c3ccc(C(c4ccc5c(c4)C(=O)N(*)C5=O)(C(F)(F)F)C(F)(F)F)cc3C2=O)cc1,0.195860266
753,PI781,*c1ccc2c(c1)C(=O)N(c1ccc(C(c3ccc(N4C(=O)c5ccc(C(*)(C(F)(F)F)C(F)(F)F)cc5C4=O)cc3)(C(F)(F)F)C(F)(F)F)cc1)C2=O,0.150988967
754,PI782,*c1ccc2c(c1)C(=O)N(c1c(C)cc(C)c(N3C(=O)c4ccc(C(*)(C(F)(F)F)C(F)(F)F)cc4C3=O)c1C)C2=O,0.150371313
755,PI783,*c1ccc2c(c1)C(=O)N(c1c(C)c(C)c(N3C(=O)c4ccc(C(*)(C(F)(F)F)C(F)(F)F)cc4C3=O)c(C)c1C)C2=O,0.16438311
756,PI784,*c1ccc(Oc2cc3ccccc3cc2Oc2ccc(N3C(=O)c4ccc(-c5ccc6c(c5)C(=O)N(*)C6=O)cc4C3=O)cc2)cc1,0.254618417
757,PI785,*c1ccc(Oc2cc3ccccc3cc2Oc2ccc(N3C(=O)c4ccc(Oc5ccc6c(c5)C(=O)N(*)C6=O)cc4C3=O)cc2)cc1,0.23259708
758,PI786,*C(=O)c1ccc2c(c1)C(=O)N(c1ccc(Oc3cc4ccccc4cc3Oc3ccc(N4C(=O)c5ccc(*)cc5C4=O)cc3)cc1)C2=O,0.240362753
759,PI787,*c1ccc(Oc2cc3ccccc3cc2Oc2ccc(N3C(=O)c4ccc(S(=O)(=O)c5ccc6c(c5)C(=O)N(*)C6=O)cc4C3=O)cc2)cc1,0.204011822
760,PI788,*c1ccc(C(c2ccccc2)(c2ccc(-n3c(=O)c4cc5c(=O)n(*)c(=O)c5cc4c3=O)cc2)C(F)(F)F)cc1,0.242359788
761,PI789,*c1ccc(N2C(=O)c3ccc(-c4cccc5c4C(=O)N(*)C5=O)cc3C2=O)cc1,0.249325732
762,PI790,*CC1(C)CC(*)(C)C(=O)OC1=O,0.185992809
763,PI791,*OC(=O)OCCCCCC*,0.272889143
764,PI792,*OC(=O)OCC(C(C(C(C*)(F)F)(F)F)(F)F)(F)F,0.145276489
765,PI793,*Oc1ccc(cc1)C(c1ccc(cc1)OC(=O)*)(C)C,0.239631003
766,PI794,*Oc1ccc(C(C)(CCC)c2ccc(OC(*)=O)cc2)cc1,0.244337041
767,PI795,*Oc1ccc(C(C)(C)c2ccc(OC(*)=O)c(C)c2)cc1C,0.235991215
768,PI796,*Oc1c(Cl)cc(C(C)(C)c2cc(Cl)c(OC(*)=O)c(Cl)c2)cc1Cl,0.135267254
769,PI797,*Oc1c(Br)cc(C(C)(C)c2cc(Br)c(OC(*)=O)c(Br)c2)cc1Br,0.116199931
770,PI798,*Oc1ccc(C(C)(c2ccccc2)c2ccc(OC(*)=O)cc2)cc1,0.234250441
771,PI799,*Oc1ccc(C(CCC)(CCC)c2ccc(OC(*)=O)cc2)cc1,0.229886318
772,PI800,*Oc1ccc(cc1)C1(CCCC1)c1ccc(cc1)OC(=O)*,0.233473598
773,PI801,*Oc1ccc(C2(c3ccc(OC(*)=O)cc3)CCCCC2)cc1,0.218561417
774,PI802,*Oc1ccc(C2(c3ccc(OC(*)=O)c(C)c3)CCCCC2)cc1C,0.233405574
775,PI803,*Oc1ccc(cc1)C1(c2ccccc2c2ccccc12)c1ccc(cc1)OC(=O)*,0.207936405
776,PI804,*Oc1ccc(cc1)C(c1ccc(cc1)OC(=O)*)(c1ccccc1)c1ccccc1,0.211523164
777,PI805,*Oc1ccc(cc1)C(c1ccc(cc1)OC(=O)*)(C(F)(F)F)C(F)(F)F,0.16903023
778,PI806,*Oc1ccc(cc1)C(c1ccc(cc1)OC(=O)*)(c1ccccc1)C#N,0.214219488
779,PI807,*Oc1c(C)cc(C(C)(C)c2cc(C)c(OC(*)=O)c(C)c2)cc1C,0.212399138
780,PI808,*Oc1c(cc(cc1)C(c1ccc(cc1)C(c1cc(c(cc1)OC(=O)*)C)(C)C)(C)C)C,0.234165789
781,PI809,*Oc1cc(ccc1)CCCCCCCCCCc1cc(ccc1)OC(=O)*,0.235809342
782,PI810,*Oc1ccc(C(C)(C)c2ccc(OC(*)=O)c(C(C)C)c2)cc1C(C)C,0.230822589
783,PI811,*Oc1ccc(cc1)C(=O)CCCCCCCCC(=O)c1ccc(cc1)OC(=O)*,0.270982629
784,PI812,*Oc1ccc(cc1)S(=O)(=O)c1ccc(cc1)OC(=O)*,0.224611569
785,PI813,*OC(=O)OCc1ccc(cc1)C*,0.250103805
786,PI814,*Oc1ccc(C(=C(Cl)Cl)c2ccc(OC(*)=O)cc2)cc1,0.199949495
787,PI815,*Oc1ccc(cc1)OC(=O)Oc1ccc(cc1)c1ccc(cc1)OC(=O)*,0.329371007
788,PI816,*Oc1cc2c(cc1)ccc(c2)OC(=O)Oc1ccc(cc1)OC(=O)*,0.263470354
789,PI817,*Oc1c2c(ccc1)c(ccc2)OC(=O)Oc1ccc(cc1)OC(=O)*,0.241562638
790,PI818,*c1ccc(-c2nc3cc(-c4ccc5nc(-c6ccccc6)c(*)nc5c4)ccc3nc2-c2ccccc2)cc1,0.25797031
791,PI819,*c1ccc(-c2nc3cc(-c4ccc5nc(*)c(-c6ccccc6)nc5c4)ccc3nc2-c2ccccc2)cc1,0.300076156
792,PI820,*c1cccc(-c2nc3cc(-c4ccc5nc(*)c(-c6ccccc6)nc5c4)ccc3nc2-c2ccccc2)c1,0.231952429
793,PI821,*c1ccc(-c2nc3cc(-c4ccc5nc(*)c(-c6ccc7ccccc7c6)nc5c4)ccc3nc2-c2ccc3ccccc3c2)cc1,0.274147926
794,PI822,*c1cccc(-c2nc3cc(-c4ccc5nc(*)c(-c6ccc7ccccc7c6)nc5c4)ccc3nc2-c2ccc3ccccc3c2)c1,0.244614479
795,PI823,*N=P(*)(OCC(F)(F)F)OCC(F)(F)F,0.138820064
796,PI825,*Oc1ccc(C(=O)c2ccc(*)cc2)cc1,0.276789879
797,PI826,*CCCCCCS(*)(=O)=O,0.239977769
798,PI827,*OS(=O)(=O)c1ccc(*)cc1,0.186803621
800,PI829,*CCc1ccc(*)c(C)c1,0.255021494
801,PI830,*CCc1cc(C)c(*)cc1C,0.262219285
802,PI831,*CCc1ccc(*)c(Cl)c1,0.178005409
803,PI832,*c1ccc(C(Cl)(Cl)C(*)Cl)cc1,0.119776758
804,PI833,*C1CCC(*)C1,0.284922378
805,PI834,*C1C2CC(C)C(C2)C1*,0.171048226
806,PI835,*C1CC2CC1C(*)C2CCCC,0.241394354
807,PI836,*C1CC2CC1C(*)C2CCCCCC,0.261321169
808,PI837,*CC(*)(C)c1ccc2ccccc2c1,0.186141125
809,PI838,*CCC(c1ccccc1)C(*)c1ccccc1,0.202492274
810,PI840,*/C(Cl)=C(/*)c1ccccc1,0.185906754
811,PI841,*/C=C(/*)c1ccc(C#C)cc1,0.298685003
812,PI842,*/C=C(/*)c1cccc(C#C)c1,0.274746743
813,PI843,*/C=C/C(C(=O)OCc1ccc(Cl)cc1)C(*)C(=O)OCc1ccc(Cl)cc1,0.171830845
814,PI844,*/C=C(/*)c1ccc(-c2ccc(C#C)cc2)cc1,0.264801989
815,PI845,*CC(*)C(=O)OCC(C)O,0.280976264
816,PI846,*CC(*)(CC(=O)OCCCCCCCC)C(=O)OCCCCCCCC,0.275383563
817,PI847,*CC(*)(CC(=O)OCCCCCCCCC)C(=O)OCCCCCCCCC,0.27657995
818,PI848,*CC(*)C(=O)n1c2ccccc2c2ccccc21,0.185889246
819,PI849,*CC(*)C(=O)OC(OCC)C(F)(F)F,0.183494514
820,PI850,*CC(*)(C)C(=O)OC(OCC)C(F)(F)F,0.158540956
821,PI851,*CC(*)(CC(=O)Oc1ccc(OCCCCCCC)cc1)C(=O)Oc1ccc(OCCCCCCC)cc1,0.278660635
822,PI852,*CC(*)(C)C(=O)Oc1c(C)cccc1C,0.211223838
823,PI853,*CC(*)(C)C(=O)OCCCCCCN(C)c1ccc(/N=N/c2ccc(S(C)(=O)=O)cc2)cc1,0.239801416
824,PI854,*C([2H])([2H])C(*)(C(=O)OC([2H])([2H])[2H])C([2H])([2H])[2H],0.200554319
825,PI855,*C(*)C(=O)OC(C)C,0.218613254
826,PI856,*CC(*)(C)C(=O)Oc1c(C(C)C)cccc1C(C)C,0.201358713
827,PI857,*CC(*)(C)C(=O)OCC(=O)c1ccccc1,0.206062145
828,PI858,*CC(*)(C)C(=O)OCc1ccc(Cl)c(Cl)c1,0.142399015
829,PI859,*CC(*)(C)C(=O)OCc1cccc(Cl)c1,0.156695253
830,PI860,*CC(*)(C)C(=O)OCc1ccc(Cl)cc1,0.167641229
831,PI861,*CC(*)(C)C(=O)OCc1cccc(Cl)c1Cl,0.14256689
832,PI862,*CC(*)(C)C(=O)OCc1ccc(Cl)cc1Cl,0.134920498
833,PI863,*CC(*)(C)C(=O)OCc1cc(Cl)ccc1Cl,0.138323775
834,PI864,*CC(*)(C)C(=O)OCc1c(Cl)cccc1Cl,0.140187539
835,PI865,*CC(*)(C)C(=O)OCc1cc(Cl)cc(Cl)c1,0.129715026
836,PI866,*/C=C(/*)C(C)(C)C,0.284244599
837,PI867,*C1C(*)C2CC1C1C=CCC12,0.161458476
838,PI868,*/C(C)=C(/*)C(C)C,0.320934176
839,PI869,*OC1C(CO)OC(*)C(O)C1O,0.321583167
840,PI870,*Oc1cc(C)c(*)c(C)c1Br,0.179808547
841,PI871,*CCC(C)CO*,0.231649902
842,PI872,*Oc1ccc2[nH]c(-c3ccc4c(c3)-c3cc(-c5nc6cc(*)ccc6[nH]5)ccc3S4(=O)=O)nc2c1,0.242108846
843,PI873,*C1Oc2ccccc2C1*,0.154427579
844,PI874,*Oc1ccc2[nH]c(-c3ccc4sc5ccc(-c6nc7cc(*)ccc7[nH]6)cc5c4c3)nc2c1,0.241468326
845,PI875,*OC(F)(F)C(F)(F)C(*)(F)F,0.112134181
846,PI876,*c1ccc(Oc2ccc(C(=O)c3ccc(Oc4ccc(C5(*)OC(=O)c6ccccc65)cc4)cc3)cc2)cc1,0.249754092
847,PI877,*Oc1cccc(Oc2cccc(*)c2)c1C#N,0.192496388
848,PI878,*C(=O)Oc1ccc(C(C)(C)c2ccc(OC(=O)c3ccc4c(c3)C(=O)n3c-4nc4ccc(Oc5ccc6c(c5)nc5n6C(=O)c6ccc(*)cc6-5)cc43)cc2)cc1,0.251191461
849,PI879,*Oc1ccc(NC(=O)c2ccc(C(c3ccc(C(=O)O)c(C(=O)Nc4cc(*)ccc4N)c3)(C(F)(F)F)C(F)(F)F)cc2C(=O)O)c(N)c1,0.228404459
850,PI880,*c1ccc2c(c1)-c1nc3cc(Oc4ccc5c(c4)nc4n5C(=O)c5cc(C(*)(C(F)(F)F)C(F)(F)F)ccc5-4)ccc3n1C2=O,0.183522496
851,PI881,*Oc1ccc(S(=O)(=O)c2ccc(Oc3ccc(C(C)(C)c4ccc(*)cc4)cc3[N+](=O)[O-])cc2)cc1,0.20299693
852,PI882,*Oc1ccc(S(=O)(=O)c2ccc(Oc3ccc(C(C)(C)c4ccc(*)cc4)cc3)c([N+](=O)[O-])c2)cc1[N+](=O)[O-],0.200486029
853,PI883,*Oc1ccc(S(=O)(=O)c2ccc(Oc3c(C)cc(C(c4cc(C)c(*)c(C)c4)(C(F)(F)F)C(F)(F)F)cc3C)cc2)cc1,0.154355563
854,PI885,*CC(=C)COCC(=C)COC(=O)O*,0.245695552
855,PI886,*OC1C(COC(C)=O)OC(*)C(OC(C)=O)C1OC(C)=O,0.20138397
856,PI887,*Oc1ccc(SC(=O)Sc2ccc(*)cc2)cc1,0.187987361
857,PI888,*Oc1ccc(SC(=O)Oc2ccc(C(C)(C)c3ccc(OC(=O)Sc4ccc(*)cc4)cc3)cc2)cc1,0.202245531
858,PI889,*Oc1ccc(NC(=O)c2cc(C(c3ccc(C(=O)O)c(C(=O)Nc4ccc(Oc5ccc(C(c6ccc(*)cc6)(C(F)(F)F)C(F)(F)F)cc5)cc4)c3)(C(F)(F)F)C(F)(F)F)ccc2C(=O)O)cc1,0.189394728
859,PI890,*OC1C(CO)OC(*)C(N)C1O,0.348907876
860,PI891,*Oc1ccc(S(=O)(=O)c2ccc(Oc3ccc(C(=O)c4cc(Br)cc(C(=O)c5ccc(*)cc5)c4)cc3)cc2)cc1,0.179353601
861,PI892,*Oc1ccc(S(=O)(=O)c2ccc(Oc3ccc(C(=O)c4cc(I)cc(C(=O)c5ccc(*)cc5)c4)cc3)cc2)cc1,0.179849923
862,PI893,*Oc1ccc(S(=O)(=O)c2ccc(Oc3ccc(C(=O)c4cc(C(=O)c5ccc(*)cc5)cc(C(C)(C)C)c4)cc3)cc2)cc1,0.21459288
863,PI894,*Oc1ccc(C(c2ccc(Oc3ccc(C(=O)c4cccc(C(=O)c5ccc(*)cc5)c4)cc3)cc2)(C(F)(F)F)C(F)(F)F)cc1,0.179786563
864,PI896,*Oc1ccc(C(=O)Nc2cccc(C(O)Cc3ccc(NC(=O)c4ccc(*)cc4)cc3)c2)cc1,0.286060508
865,PI897,*C1(OC(C(C1(C(C(*)(F)F)(F)F)F)(F)F)(F)F)F,0.111266374
866,PI898,*Oc1cc(C(C)(C)C)c(Oc2ccc(C(=O)Nc3ccc(C(C)(C)c4ccc(NC(=O)c5ccc(*)cc5)cc4)cc3)cc2)cc1C(C)(C)C,0.283670086
867,PI899,*Oc1cc(C(C)(C)C)c(Oc2ccc(C(=O)Nc3ccc(C(C)(C)c4ccc(NC(=O)c5ccc(*)cc5)c(C)c4)cc3C)cc2)cc1C(C)(C)C,0.270258521
868,PI900,*Oc1cc(C(C)(C)C)c(Oc2ccc(C(=O)Nc3c(C)cc(C(C)(C)c4cc(C)c(NC(=O)c5ccc(*)cc5)c(C)c4)cc3C)cc2)cc1C(C)(C)C,0.26981997
869,PI901,*Oc1cc(C(C)(C)C)c(Oc2ccc(C(=O)Nc3c(C)cc(Cc4cc(C)c(NC(=O)c5ccc(*)cc5)c(C(C)C)c4)cc3C(C)C)cc2)cc1C(C)(C)C,0.244338127
870,PI902,*Oc1cc(C(C)(C)C)c(Oc2ccc(C(=O)Nc3ccc(C(c4ccc(NC(=O)c5ccc(*)cc5)cc4)(C(F)(F)F)C(F)(F)F)cc3)cc2)cc1C(C)(C)C,0.215611584
871,PI903,*Oc1ccc(Oc2ccc(C(=O)c3ccc(C(=O)c4ccc(*)cc4)c4ccccc34)cc2)cc1,0.231751558
872,PI907,*Oc1ccc(S(=O)(=O)c2ccc(Oc3ccc(C(C)(C)c4ccc(*)c(C(O)(C(F)(F)F)C(F)(F)F)c4)cc3C(O)(C(F)(F)F)C(F)(F)F)cc2)cc1,0.165410873
873,PI908,*Oc1ccc(S(=O)(=O)c2ccc(Oc3ccc(C(C)(C)c4ccc(*)c(C(OC)(C(F)(F)F)C(F)(F)F)c4)cc3C(OC)(C(F)(F)F)C(F)(F)F)cc2)cc1,0.13816211
874,PI909,*Oc1ccc(S(=O)(=O)c2ccc(Oc3c(C)cc(C(C)(C)c4cc(C)c(*)c(C)c4)cc3C)cc2C(O)(C(F)(F)F)C(F)(F)F)c(C(O)(C(F)(F)F)C(F)(F)F)c1,0.152623848
875,PI910,*Oc1ccc2c(c1)nc1n2C(=O)c2ccc(-c3ccc4c(c3)C(=O)n3c-4nc4ccc(*)cc43)cc2-1,0.269836747
876,PI911,*Oc1ccc2c(c1)nc1c3cc4c(=O)n5c6cc(*)ccc6nc5c4cc3c(=O)n21,0.289671931
877,PI913,*c1ccc2c(c1)-c1nc3cc(Oc4ccc5nc6n(c5c4)C(=O)c4cc(C(*)(C(F)(F)F)C(F)(F)F)ccc4-6)ccc3n1C2=O,0.176963476
878,PI914,*c1ccc(*)s1,0.597038429
879,PI915,*c1ccc2c(c1)-c1cc(-c3nc4cc(-c5ccc6[nH]c(*)nc6c5)ccc4[nH]3)ccc1S2(=O)=O,0.266970833
880,PI916,*Cc1ccc2[nH]c(-c3ccc4c(c3)-c3cc(-c5nc6cc(*)ccc6[nH]5)ccc3S4(=O)=O)nc2c1,0.233716186
881,PI917,*c1ccc2sc3ccc(-c4nc5cc(-c6ccc7[nH]c(*)nc7c6)ccc5[nH]4)cc3c2c1,0.263202779
882,PI918,*Cc1ccc2[nH]c(-c3ccc4sc5ccc(-c6nc7cc(*)ccc7[nH]6)cc5c4c3)nc2c1,0.230983773
883,PI919,*c1cc(CCCC)c(*)s1,0.320117807
884,PI920,*Oc1ccc(C(C)(c2ccccc2)c2ccc(OC(=O)c3cccc(C(*)=O)c3)cc2)cc1,0.225378547
885,PI921,*Oc1ccc(C(c2ccccc2)(c2ccccc2)c2ccc(OC(=O)c3cccc(C(*)=O)c3)cc2)cc1,0.211413189
886,PI922,*Oc1ccc(C(C)(C)c2ccc(OC(=O)c3ccc(C(=O)c4ccc(C(*)=O)cc4)cc3)cc2)cc1,0.257727428
887,PI923,*CCCCCCCCOC(=O)c1cccc(C(=O)O*)c1,0.236431842
888,PI925,*c1cc(Br)c(OC(=O)c2ccc(C(=O)Oc3c(Br)cc(C4(*)OC(=O)c5ccccc54)cc3Br)cc2)c(Br)c1,0.155531081
889,PI926,*CCCCCCS(=O)(=O)c1ccc(/N=N/c2ccc(N(C)CCCCCC(=O)O*)cc2)cc1,0.249228862
890,PI927,*CCCS(=O)(=O)c1ccc(/N=N/c2ccc(N(CCCC)CC(=O)O*)cc2)cc1,0.225556948
891,PI928,*Oc1ccc(OC(=O)c2cc(OCCCCCCCCCCCC)c(C(*)=O)cc2OCCCCCCCCCCCC)cc1,0.305736886
892,PI929,*Oc1ccc2c(c1)C1(CC2(C)C)CC(C)(C)c2ccc(OC(=O)c3ccc(C(*)=O)cc3)cc21,0.202420703
893,PI930,*Oc1ccc2c(c1)C1(CC2(C)C)CC(C)(C)c2ccc(OC(=O)c3cccc(C(*)=O)c3)cc21,0.197787592
894,PI931,*CCOC(=O)NCC1(C)CC(NC(=O)O*)CC(C)(C)C1,0.237542815
895,PI932,*Oc1ccc(C(C)(C)c2ccc(OC(=O)c3ccccc3/C=C/c3ccc(/C=C/c4ccccc4C(*)=O)cc3)cc2)cc1,0.217293555
896,PI933,*Oc1ccc(C(C)(C)c2ccc(OC(=O)c3ccccc3/C=C/c3ccc(/C=C/c4ccccc4C(*)=O)cc3)c(C)c2)cc1C,0.219509175
897,PI934,*Oc1ccc(S(=O)(=O)c2ccc(OC(=O)c3ccccc3/C=C/c3ccc(/C=C/c4ccccc4C(*)=O)cc3)cc2)cc1,0.201310165
898,PI935,*c1ccc(OC(=O)c2ccccc2/C=C/c2ccc(/C=C/c3ccccc3C(=O)Oc3ccc(C4(*)OC(=O)c5ccccc54)cc3)cc2)cc1,0.217641609
899,PI936,*Oc1cccc2c(OC(=O)c3ccccc3/C=C/c3ccc(/C=C/c4ccccc4C(*)=O)cc3)cccc12,0.220093628
900,PI937,*Oc1cccc2ccc(OC(=O)c3ccccc3/C=C/c3ccc(/C=C/c4ccccc4C(*)=O)cc3)cc12,0.204757868
901,PI938,*Oc1ccc2ccc(OC(=O)c3ccccc3/C=C/c3ccc(/C=C/c4ccccc4C(*)=O)cc3)cc2c1,0.227296374
902,PI939,*Oc1cccc(OC(=O)c2ccccc2/C=C/c2ccc(/C=C/c3ccccc3C(*)=O)cc2)c1,0.198989787
903,PI940,*Oc1ccccc1OC(=O)c1ccccc1/C=C/c1ccc(/C=C/c2ccccc2C(*)=O)cc1,0.222108797
904,PI941,*Oc1ccc(OC(=O)c2ccccc2/C=C/c2ccc(/C=C/c3ccccc3C(*)=O)cc2)cc1,0.235313014
905,PI943,*CCCCCCCCCCCCNC(=O)CCCCCCCCCCCCCCCCCCC(=O)N*,0.349800281
906,PI944,*Nc1ccc(NC(=O)c2cc(C(*)=O)c(C(=O)OCC)cc2C(=O)OCC)cc1,0.301681661
907,PI945,*Nc1cccc(C(O)Cc2ccc(NC(=O)c3ccc(C(*)=O)cc3)cc2)c1,0.295623458
908,PI946,*c1ccc2c(c1)-c1nc3cc(-c4ccc5nc6n(c5c4)C(=O)c4cc(C(*)(C(F)(F)F)C(F)(F)F)ccc4-6)ccc3n1C2=O,0.18416099
909,PI947,*CC(C)CNC(=O)O*,0.257436252
910,PI948,*c1ccc(Oc2cccc(Oc3ccc(N4C(=O)c5ccc(-c6ccc7c(c6)C(=O)N(*)C7=O)cc5C4=O)cc3)c2)cc1,0.282900087
911,PI949,*c1cccc(N2C(=O)c3ccc(C(c4ccc5c(c4)C(=O)N(*)C5=O)(C(F)(F)F)C(F)(F)F)cc3C2=O)c1,0.17288835
912,PI950,*c1ccc2c(c1)C(=O)N(c1cccc(S(=O)(=O)c3cccc(N4C(=O)c5ccc(C(*)(C(F)(F)F)C(F)(F)F)cc5C4=O)c3)c1)C2=O,0.150446539
913,PI951,*c1cc2c(C(=O)N(C2=O)c2ccc(cc2)Oc2ccc(cc2)NC(=O)*)cc1,0.329475891
914,PI952,*c1ccc(S(=O)(=O)c2ccc(N3C(=O)c4cc5C(=O)N(*)C(=O)c5cc4C3=O)cc2)cc1,0.29081044
915,PI953,*c1cccc(Oc2ccc(N3C(=O)c4cc5C(=O)N(*)C(=O)c5cc4C3=O)cc2)c1,0.262134449
916,PI954,*c1ccc(-c2ccc(N3C(=O)c4ccc(-c5ccc6c(c5)C(=O)N(*)C6=O)cc4C3=O)cc2C(F)(F)F)c(C(F)(F)F)c1,0.281094364
917,PI955,*C(=O)Oc1ccc(C(C)(C)c2ccc(OC(=O)c3ccc4c(c3)C(=O)N(c3ccc(-c5ccc(N6C(=O)c7ccc(*)cc7C6=O)c(C)c5)cc3C)C4=O)cc2)cc1,0.295505091
918,PI956,*C(=O)Oc1ccc(C(C)(C)c2ccc(OC(=O)c3ccc4c(c3)C(=O)N(c3ccc(Oc5ccc(N6C(=O)c7ccc(*)cc7C6=O)cc5)cc3)C4=O)cc2)cc1,0.279921661
919,PI958,*C(=O)Oc1ccc(C(C)(C)c2ccc(OC(=O)c3ccc4c(c3)C(=O)N(c3ccc(-c5ccc(N6C(=O)c7ccc(*)cc7C6=O)cc5)cc3)C4=O)cc2)cc1,0.29891003
920,PI959,*c1ccc2c(c1)C(=O)N(c1ccc3c(c1)-c1cc(N4C(=O)c5ccc(C(*)(C(F)(F)F)C(F)(F)F)cc5C4=O)ccc1C3)C2=O,0.174130825
921,PI960,*C(=O)Nc1ccc(NC(=O)c2ccc(N3C(=O)c4ccc(*)cc4C3=O)cc2)cc1,0.439609719
922,PI961,*c1ccc(Oc2ccc(C(c3ccc(Oc4ccc(N5C(=O)c6ccc(Oc7ccc8c(c7)C(=O)N(*)C8=O)cc6C5=O)cc4)cc3)(C(F)(F)F)C(F)(F)F)cc2)cc1,0.211511474
923,PI962,*c1cccc(Oc2cccc(Oc3cccc(-n4c(=O)c5cc6c(=O)n(*)c(=O)c6cc5c4=O)c3)c2)c1,0.22483537
924,PI963,*c1ccc(Oc2ccc(S(=O)(=O)c3ccc(Oc4ccc(N5C(=O)c6ccc(C(=O)c7ccc8c(c7)C(=O)N(*)C8=O)cc6C5=O)cc4)cc3)cc2)cc1,0.244102731
925,PI964,*c1ccc(Oc2ccc(S(=O)(=O)c3ccc(Oc4ccc(N5C(=O)c6ccc(Oc7ccc8c(c7)C(=O)N(*)C8=O)cc6C5=O)cc4)cc3)cc2)cc1,0.250512619
926,PI965,*c1ccc(Oc2cccc(Oc3ccc(N4C(=O)c5ccc(C(=O)c6ccc7c(c6)C(=O)N(*)C7=O)cc5C4=O)cc3)c2)cc1,0.243353052
927,PI966,*c1ccc(Oc2ccc(S(=O)(=O)c3ccc(Oc4ccc(N5C(=O)c6cc7C(=O)N(*)C(=O)c7cc6C5=O)cc4)cc3)cc2)cc1,0.257046515
928,PI967,*c1ccc(-c2ccc(-n3c(=O)c4cc5c(=O)n(*)c(=O)c5cc4c3=O)cc2C(F)(F)F)c(C(F)(F)F)c1,0.382911128
929,PI968,*c1ccc(S(=O)(=O)c2ccc(N3C(=O)c4ccc(-c5ccc6c(c5)C(=O)N(*)C6=O)cc4C3=O)cc2)cc1,0.280663141
930,PI969,*C(=O)c1ccc2c(c1)C(=O)N(c1ccc(C3(c4ccc(N5C(=O)c6ccc(*)cc6C5=O)cc4)c4ccccc4-c4ccccc43)cc1)C2=O,0.227667352
931,PI970,*CCCCCCN1C(=O)c2ccc(C(c3ccc4c(c3)C(=O)N(*)C4=O)(C(F)(F)F)C(F)(F)F)cc2C1=O,0.16334633
932,PI971,*c1ccc2c(c1)C(=O)N(c1c(C)cc(Cc3cc(C)c(N4C(=O)c5ccc(C(*)(C(F)(F)F)C(F)(F)F)cc5C4=O)c(C)c3)cc1C)C2=O,0.164469188
933,PI972,*c1ccc2c(c1)C(=O)N(c1c(CC)cc(Cc3cc(CC)c(N4C(=O)c5ccc(C(*)(C(F)(F)F)C(F)(F)F)cc5C4=O)c(CC)c3)cc1CC)C2=O,0.1778175
934,PI973,*c1ccc2c(c1)C(=O)N(c1c(C(C)C)cc(Cc3cc(C(C)C)c(N4C(=O)c5ccc(C(*)(C(F)(F)F)C(F)(F)F)cc5C4=O)c(C(C)C)c3)cc1C(C)C)C2=O,0.16484689
935,PI974,*c1ccc2c(c1)C(=O)N(c1cc(N3C(=O)c4ccc(C(*)(C(F)(F)F)C(F)(F)F)cc4C3=O)ccc1C)C2=O,0.153779126
936,PI975,*c1ccc(S(=O)(=O)c2ccc(N3C(=O)c4ccc(C(c5ccc6c(c5)C(=O)N(*)C6=O)(C(F)(F)F)C(F)(F)F)cc4C3=O)cc2)cc1,0.166991738
937,PI976,*c1ccc(S(=O)(=O)c2ccc(N3C(=O)c4ccc(C(=O)c5ccc6c(c5)C(=O)N(*)C6=O)cc4C3=O)cc2)cc1,0.255148124
938,PI977,*c1ccc(-c2ccc(-n3c(=O)c4cc5c(=O)n(*)c(=O)c5cc4c3=O)cc2OC(F)(F)F)c(OC(F)(F)F)c1,0.342393297
939,PI978,*C1CCC(N2C(=O)c3ccc(-c4ccc5c(c4)C(=O)N(*)C5=O)cc3C2=O)CC1,0.322479304
940,PI979,*c1cc(C(c2ccc(O)c(-n3c(=O)c4cc5c(=O)n(*)c(=O)c5cc4c3=O)c2)(C(F)(F)F)C(F)(F)F)ccc1O,0.188839787
941,PI980,*c1ccc2c(c1)C(=O)N(c1ccc(C(c3ccc(C)c(N4C(=O)c5ccc(C(*)(C(F)(F)F)C(F)(F)F)cc5C4=O)c3)(C(F)(F)F)C(F)(F)F)cc1C)C2=O,0.125282992
942,PI981,*c1ccc2c(c1)C(=O)N(c1ccc(Oc3ccc(-c4ccc(Oc5ccc(N6C(=O)c7ccc(C(*)(C(F)(F)F)C(F)(F)F)cc7C6=O)cc5)cc4)cc3)cc1)C2=O,0.192517661
943,PI983,*c1ccc(Oc2ccc(S(=O)(=O)c3ccc(Oc4ccc(N5C(=O)c6ccc(C(c7ccc8c(c7)C(=O)N(*)C8=O)(C(F)(F)F)C(F)(F)F)cc6C5=O)cc4)cc3)cc2)cc1,0.207221278
944,PI984,*c1ccc2c(c1)C(=O)N(c1cccc(Oc3ccc(S(=O)(=O)c4ccc(Oc5cccc(N6C(=O)c7ccc(C(*)(C(F)(F)F)C(F)(F)F)cc7C6=O)c5)cc4)cc3)c1)C2=O,0.163208541
945,PI985,*c1ccc(C(C)(C)c2ccc(N3C(=O)c4ccc(Oc5ccc6c(c5)C(=O)N(*)C6=O)cc4C3=O)cc2)cc1,0.27785637
946,PI986,*c1cccc(N2C(=O)c3ccc(Oc4ccc5c(c4)C4(CC(C)(C)c6ccc(Oc7ccc8c(c7)C(=O)N(*)C8=O)cc64)CC5(C)C)cc3C2=O)c1,0.195425517
947,PI987,*c1ccc(S(=O)(=O)c2ccc(N3C(=O)c4ccc(Oc5ccc6c(c5)C(=O)N(*)C6=O)cc4C3=O)cc2)cc1,0.249871544
948,PI989,*c1ccc2c(c1)C(=O)N(c1ccc(Oc3ccc(N4C(=O)c5ccc(C(C)(C)CCCCCCCCC(*)(C)C)cc5C4=O)cc3)cc1)C2=O,0.254763626
949,PI990,*C(=O)Nc1cccc(NC(=O)c2ccc(N3C(=O)c4ccc(*)cc4C3=O)cc2)c1,0.316497691
950,PI991,*C(=O)c1ccc2c(c1)C(=O)N(c1ccc(C(=O)Nc3ccc(N4C(=O)c5ccc(*)cc5C4=O)cc3)cc1)C2=O,0.331274593
951,PI992,*c1cccc(Oc2ccc(N3C(=O)c4ccc(C(=O)c5ccc6c(c5)C(=O)N(*)C6=O)cc4C3=O)cc2)c1,0.264017299
952,PI993,*c1ccc(-c2sc(-c3ccc(-n4c(=O)c5cc6c(=O)n(*)c(=O)c6cc5c4=O)cc3)c(-c3ccccc3)c2-c2ccccc2)cc1,0.352891485
953,PI995,*c1ccc(C(c2ccc(N3C(=O)c4cc5c(cc4C3=O)C(C(F)(F)F)(C(F)(F)F)c3cc4c(cc3O5)C(=O)N(*)C4=O)cc2)(C(F)(F)F)C(F)(F)F)cc1,0.206835687
954,PI996,*c1ccc2c(c1)C(=O)N(c1cc(C(c3ccc(O)c(N4C(=O)c5ccc(C(*)(C(F)(F)F)C(F)(F)F)cc5C4=O)c3)(C(F)(F)F)C(F)(F)F)ccc1O)C2=O,0.132113785
955,PI997,*c1ccc(Oc2c(C)cc(Cc3cc(C)c(Oc4ccc(-n5c(=O)c6cc7c(=O)n(*)c(=O)c7cc6c5=O)cc4)c(C)c3)cc2C)cc1,0.252482603
956,PI998,*c1ccc(Oc2c(C)cc(Cc3cc(C)c(Oc4ccc(N5C(=O)c6ccc(-c7ccc8c(c7)C(=O)N(*)C8=O)cc6C5=O)cc4)c(C)c3)cc2C)cc1,0.256003141
957,PI999,*C(=O)c1ccc2c(c1)C(=O)N(c1ccc(Oc3c(C)cc(Cc4cc(C)c(Oc5ccc(N6C(=O)c7ccc(*)cc7C6=O)cc5)c(C)c4)cc3C)cc1)C2=O,0.236433639
958,PI1000,*c1ccc2c(c1)C(=O)N(c1ccc(Oc3c(C)cc(Cc4cc(C)c(Oc5ccc(N6C(=O)c7ccc(C(*)(C(F)(F)F)C(F)(F)F)cc7C6=O)cc5)c(C)c4)cc3C)cc1)C2=O,0.187678976
959,PI1001,*c1c(C)cc(C(c2cc(C)c(N3C(=O)c4ccc(-c5ccc6c(c5)C(=O)N(*)C6=O)cc4C3=O)c(C)c2)c2cccc3ccccc23)cc1C,0.236427007
960,PI1002,*C(=O)c1ccc2c(c1)C(=O)N(c1c(C)cc(C(c3cc(C)c(N4C(=O)c5ccc(*)cc5C4=O)c(C)c3)c3cccc4ccccc34)cc1C)C2=O,0.210939398
961,PI1003,*c1ccc2c(c1)C(=O)N(c1c(C)cc(C(c3cc(C)c(N4C(=O)c5ccc(C(*)(C(F)(F)F)C(F)(F)F)cc5C4=O)c(C)c3)c3cccc4ccccc34)cc1C)C2=O,0.161522154
962,PI1004,*c1ccc(Oc2c(C)cc(C(c3cc(C)c(Oc4ccc(-n5c(=O)c6cc7c(=O)n(*)c(=O)c7cc6c5=O)cc4)c(C)c3)c3cccc4ccccc34)cc2C)cc1,0.245595378
963,PI1005,*c1ccc(Oc2c(C)cc(C(c3cc(C)c(Oc4ccc(N5C(=O)c6ccc(-c7ccc8c(c7)C(=O)N(*)C8=O)cc6C5=O)cc4)c(C)c3)c3cccc4ccccc34)cc2C)cc1,0.261279179
964,PI1006,*c1ccc2c(c1)C(=O)N(c1ccc(Oc3c(C)cc(C(c4cc(C)c(Oc5ccc(N6C(=O)c7ccc(C(*)(C(F)(F)F)C(F)(F)F)cc7C6=O)cc5)c(C)c4)c4cccc5ccccc45)cc3C)cc1)C2=O,0.184969637
965,PI1007,*/C=C/C1CC(*)C2C(=O)N(CCCCC)C(=O)C12,0.236932175
966,PI1008,*/C=C/C1CC(*)C2C(=O)N(CCCCCC)C(=O)C12,0.232246101
967,PI1009,*c1cccc(P(=O)(c2cccc(-n3c(=O)c4cc5c(=O)n(*)c(=O)c5cc4c3=O)c2)c2cc(C(F)(F)F)cc(C(F)(F)F)c2)c1,0.163382142
968,PI1010,*c1cccc(P(=O)(c2ccc(C(F)(F)F)cc2)c2cccc(-n3c(=O)c4cc5c(=O)n(*)c(=O)c5cc4c3=O)c2)c1,0.18075284
969,PI1011,*c1cccc(P(=O)(c2ccccc2)c2cccc(-n3c(=O)c4cc5c(=O)n(*)c(=O)c5cc4c3=O)c2)c1,0.201453995
970,PI1012,*Oc1c(C)cc(C(C)(C)c2cc(C)c(ON3C(=O)c4ccc(Oc5ccc(C6(c7ccc(Oc8ccc9c(c8)C(=O)N(*)C9=O)cc7)CCC(C(C)(C)C)CC6)cc5)cc4C3=O)c(C)c2)cc1C,0.22463605
971,PI1013,*c1ccc(Oc2ccc(C(c3ccc(Oc4ccc(N5C(=O)c6ccc(Oc7ccc(C8(c9ccc(Oc%10ccc%11c(c%10)C(=O)N(*)C%11=O)cc9)CCC(C(C)(C)C)CC8)cc7)cc6C5=O)cc4)cc3)(C(F)(F)F)C(F)(F)F)cc2)cc1,0.210880706
972,PI1014,*c1ccc(Oc2ccc(Oc3ccc(N4C(=O)c5ccc(Oc6ccc(C7(c8ccc(Oc9ccc%10c(c9)C(=O)N(*)C%10=O)cc8)CCC(C(C)(C)C)CC7)cc6)cc5C4=O)cc3)c(C(C)(C)C)c2)cc1,0.275312596
973,PI1017,*c1ccc(Oc2ccc(C3(c4ccc(Oc5ccc(N6C(=O)c7ccc(Oc8ccc(C9(c%10ccc(Oc%11ccc%12c(c%11)C(=O)N(*)C%12=O)cc%10)CCC(C(C)(C)C)CC9)cc8)cc7C6=O)cc5)cc4)CC4CC3C3CCCC43)cc2)cc1,0.235289626
974,PI1018,*C(=O)Nc1cccc(C#Cc2cccc(N3C(=O)c4ccc(*)cc4C3=O)c2)c1,0.254775725
975,PI1021,*c1ccc(Oc2ccc(NC(=O)CN3C(=O)c4ccc(C(c5ccc6c(c5)C(=O)N(CC(=O)Nc5ccc(Oc7ccc(-c8nnc(*)o8)cc7)cc5)C6=O)(C(F)(F)F)C(F)(F)F)cc4C3=O)cc2)cc1,0.215864818
976,PI1023,*c1ccc(Oc2c(C)cc(C(C)(C)c3cc(C)c(Oc4ccc(N5C(=O)c6ccc(Oc7ccc(C8(c9ccc(Oc%10ccc%11c(c%10)C(=O)N(*)C%11=O)cc9)CCC(c9ccccc9)CC8)cc7)cc6C5=O)cc4)c(C)c3)cc2C)cc1,0.242419906
977,PI1025,*c1ccc(Oc2ccc(Oc3ccc(N4C(=O)c5ccc(Oc6ccc(C7(c8ccc(Oc9ccc%10c(c9)C(=O)N(*)C%10=O)cc8)CCC(c8ccccc8)CC7)cc6)cc5C4=O)cc3)c(C(C)(C)C)c2)cc1,0.258275143
978,PI1026,*c1ccc(Oc2ccc(-c3ccc(Oc4ccc(N5C(=O)c6ccc(Oc7ccc(C8(c9ccc(Oc%10ccc%11c(c%10)C(=O)N(*)C%11=O)cc9)CCC(c9ccccc9)CC8)cc7)cc6C5=O)cc4)cc3C)c(C)c2)cc1,0.262426433
979,PI1028,*c1ccc(Oc2ccc(N3C(=O)c4ccc(Oc5ccc(C6(c7ccc(Oc8ccc9c(c8)C(=O)N(*)C9=O)cc7)CCC(c7ccccc7)CC6)cc5)cc4C3=O)cc2)cc1,0.234347519
980,PI1029,*c1ccc(Oc2ccccc2Oc2ccc(-n3c(=O)c4cc5c(=O)n(*)c(=O)c5cc4c3=O)cc2)cc1,0.27636764
981,PI1030,*c1ccc(Oc2ccc(Oc3ccc(-n4c(=O)c5cc6c(=O)n(*)c(=O)c6cc5c4=O)cc3)cc2C(C)(C)C)cc1,0.299962523
982,PI1031,*c1ccc(Oc2ccc(Oc3ccc(-n4c(=O)c5cc6c(=O)n(*)c(=O)c6cc5c4=O)cc3)cc2-c2ccccc2)cc1,0.30983122
983,PI1032,*c1ccc(Oc2cc(C(C)(C)C)ccc2Oc2ccc(-n3c(=O)c4cc5c(=O)n(*)c(=O)c5cc4c3=O)cc2)cc1,0.278141719
984,PI1033,*c1ccc(Oc2ccc(Oc3ccc(N4C(=O)c5ccc(-c6ccc7c(c6)C(=O)N(*)C7=O)cc5C4=O)cc3)cc2)cc1,0.295398373
985,PI1034,*c1ccc(Oc2ccccc2Oc2ccc(N3C(=O)c4ccc(-c5ccc6c(c5)C(=O)N(*)C6=O)cc4C3=O)cc2)cc1,0.29151673
986,PI1035,*c1ccc(Oc2ccc(Oc3ccc(N4C(=O)c5ccc(-c6ccc7c(c6)C(=O)N(*)C7=O)cc5C4=O)cc3)c(C(C)(C)C)c2)cc1,0.30392846
987,PI1036,*c1ccc(Oc2ccc(Oc3ccc(N4C(=O)c5ccc(-c6ccc7c(c6)C(=O)N(*)C7=O)cc5C4=O)cc3)c(-c3ccccc3)c2)cc1,0.316411554
988,PI1037,*c1ccc(Oc2cc(C(C)(C)C)ccc2Oc2ccc(N3C(=O)c4ccc(-c5ccc6c(c5)C(=O)N(*)C6=O)cc4C3=O)cc2)cc1,0.288457547
989,PI1038,*c1ccc(Oc2ccc(-c3ccc(Oc4ccc(N5C(=O)c6ccc(Oc7cccc(Oc8ccc9c(c8)C(=O)N(*)C9=O)c7)cc6C5=O)cc4)cc3)cc2)cc1,0.28734094
990,PI1039,*c1ccc(Oc2ccc(C3(c4ccc(Oc5ccc(N6C(=O)c7ccc(Oc8ccc(C9(c%10ccc(Oc%11ccc%12c(c%11)C(=O)N(*)C%12=O)cc%10)CCC(c%10ccccc%10)CC9)cc8)cc7C6=O)cc5)cc4)CC4CC3C3CCCC43)cc2)cc1,0.22907507
991,PI1041,*C(=O)c1ccc2c(c1)C(=O)N(c1cc(C(c3ccc(O)c(N4C(=O)c5ccc(*)cc5C4=O)c3)(C(F)(F)F)C(F)(F)F)ccc1O)C2=O,0.189395669
992,PI1042,*c1ccc(Oc2ccc(-c3ccc(Oc4ccc(N5C(=O)c6ccc(Oc7ccc(C8(c9ccc(Oc%10ccc%11c(c%10)C(=O)N(*)C%11=O)cc9)CCCCCCCCCCC8)cc7)cc6C5=O)cc4)cc3C)c(C)c2)cc1,0.271126559
993,PI1043,*c1ccc(Cc2ccc(N3C(=O)c4ccc(Oc5ccc(C6(c7ccc(Oc8ccc9c(c8)C(=O)N(*)C9=O)cc7)CCCCCCCCCCC6)cc5)cc4C3=O)cc2)cc1,0.234616466
994,PI1044,*c1ccc(Oc2ccc(Oc3ccc(N4C(=O)c5ccc(Oc6ccc(C7(c8ccc(Oc9ccc%10c(c9)C(=O)N(*)C%10=O)cc8)CCCCCCCCCCC7)cc6)cc5C4=O)cc3)c(C(C)(C)C)c2)cc1,0.253157391
995,PI1047,*c1ccc(Oc2ccc(C3(c4ccc(Oc5ccc(N6C(=O)c7ccc(Oc8ccc(C9(c%10ccc(Oc%11ccc%12c(c%11)C(=O)N(*)C%12=O)cc%10)CCCCCCCCCCC9)cc8)cc7C6=O)cc5)cc4)CCC(C(C)(C)C)CC3)cc2)cc1,0.254842041
996,PI1048,*c1ccc(Oc2ccc(C3(c4ccc(Oc5ccc(N6C(=O)c7ccc(Oc8ccc(C9(c%10ccc(Oc%11ccc%12c(c%11)C(=O)N(*)C%12=O)cc%10)CCCCCCCCCCC9)cc8)cc7C6=O)cc5)cc4)C4CC5CC(C4)CC3C5)cc2)cc1,0.2382015
997,PI1049,*c1ccc2c(c1)C(=O)N(c1ccc(Oc3ccc4ccc(Oc5ccc(N6C(=O)c7ccc(C(*)(C(F)(F)F)C(F)(F)F)cc7C6=O)cc5)cc4c3)cc1)C2=O,0.182668971
998,PI1050,*c1ccc(Oc2ccc3ccc(Oc4ccc(-n5c(=O)c6cc7c(=O)n(*)c(=O)c7cc6c5=O)cc4)cc3c2)cc1,0.289863471
999,PI1051,*c1cccc(P(=O)(c2cccc(-n3c(=O)c4c(-c5cc(C(F)(F)F)cc(C(F)(F)F)c5)c5c(=O)n(*)c(=O)c5c(-c5cc(C(F)(F)F)cc(C(F)(F)F)c5)c4c3=O)c2)c2cc(C(F)(F)F)cc(C(F)(F)F)c2)c1,0.122779381
1000,PI1052,*c1cccc(P(=O)(c2ccc(C(F)(F)F)cc2)c2cccc(-n3c(=O)c4c(-c5cc(C(F)(F)F)cc(C(F)(F)F)c5)c5c(=O)n(*)c(=O)c5c(-c5cc(C(F)(F)F)cc(C(F)(F)F)c5)c4c3=O)c2)c1,0.130279594
1001,PI1053,*c1cccc(P(=O)(c2ccccc2)c2cccc(-n3c(=O)c4c(-c5cc(C(F)(F)F)cc(C(F)(F)F)c5)c5c(=O)n(*)c(=O)c5c(-c5cc(C(F)(F)F)cc(C(F)(F)F)c5)c4c3=O)c2)c1,0.131716821
1002,PI1054,*c1cccc(P(=O)(c2cccc(-n3c(=O)c4c(-c5ccc(C(F)(F)F)cc5)c5c(=O)n(*)c(=O)c5c(-c5ccc(C(F)(F)F)cc5)c4c3=O)c2)c2cc(C(F)(F)F)cc(C(F)(F)F)c2)c1,0.141923307
1003,PI1055,*c1cccc(P(=O)(c2ccc(C(F)(F)F)cc2)c2cccc(-n3c(=O)c4c(-c5ccc(C(F)(F)F)cc5)c5c(=O)n(*)c(=O)c5c(-c5ccc(C(F)(F)F)cc5)c4c3=O)c2)c1,0.149548685
1004,PI1056,*c1cccc(P(=O)(c2ccccc2)c2cccc(-n3c(=O)c4c(-c5ccc(C(F)(F)F)cc5)c5c(=O)n(*)c(=O)c5c(-c5ccc(C(F)(F)F)cc5)c4c3=O)c2)c1,0.150823834
1005,PI1057,*c1cccc(P(=O)(c2cccc(-n3c(=O)c4c(-c5ccccc5)c5c(=O)n(*)c(=O)c5c(-c5ccccc5)c4c3=O)c2)c2cc(C(F)(F)F)cc(C(F)(F)F)c2)c1,0.14675416
1006,PI1058,*c1cccc(P(=O)(c2ccc(C(F)(F)F)cc2)c2cccc(-n3c(=O)c4c(-c5ccccc5)c5c(=O)n(*)c(=O)c5c(-c5ccccc5)c4c3=O)c2)c1,0.168077953
1007,PI1059,*c1cccc(P(=O)(c2ccccc2)c2cccc(-n3c(=O)c4c(-c5ccccc5)c5c(=O)n(*)c(=O)c5c(-c5ccccc5)c4c3=O)c2)c1,0.177458779
1008,PI1060,*c1ccc(Oc2ccc(N3C(=O)c4cccc(Oc5cccc6c5C(=O)N(*)C6=O)c4C3=O)cc2)cc1,0.222053496
1009,PI1061,*c1ccc(Oc2ccc(N3C(=O)c4ccc(Oc5cccc6c5C(=O)N(*)C6=O)cc4C3=O)cc2)cc1,0.249143763
1010,PI1062,*c1ccc(Oc2ccc(Oc3ccc(N4C(=O)c5cccc(Oc6cccc7c6C(=O)N(*)C7=O)c5C4=O)cc3)cc2)cc1,0.228924168
1011,PI1063,*c1ccc(Oc2ccc(Oc3ccc(N4C(=O)c5ccc(Oc6cccc7c6C(=O)N(*)C7=O)cc5C4=O)cc3)cc2)cc1,0.255200829
1012,PI1064,*c1ccc(Oc2ccc(N3C(=O)C4CCC5C(=O)N(*)C(=O)C5C4C3=O)cc2)cc1,0.263432532
1013,PI1066,*c1ccc(Cc2ccc(N3C(=O)C4CCC5C(=O)N(*)C(=O)C5C4C3=O)c(C)c2)cc1C,0.238258763
1014,PI1067,*c1ccc(Oc2ccc(Oc3ccc(N4C(=O)C5CCC6C(=O)N(*)C(=O)C6C5C4=O)cc3)cc2)cc1,0.274145489
1015,PI1068,*c1ccc(Oc2ccc(C(C)(C)c3ccc(Oc4ccc(N5C(=O)C6CCC7C(=O)N(*)C(=O)C7C6C5=O)cc4)cc3)cc2)cc1,0.252650625
1016,PI1069,*C(=O)c1ccc2c(c1)C(=O)N(c1c(C)cc(Cc3cc(C)c(N4C(=O)c5ccc(*)cc5C4=O)c(C)c3)cc1C)C2=O,0.220094916
1017,PI1070,*C(=O)c1ccc2c(c1)C(=O)N(c1c(CC)cc(Cc3cc(CC)c(N4C(=O)c5ccc(*)cc5C4=O)c(CC)c3)cc1CC)C2=O,0.222803856
1018,PI1071,*C(=O)c1ccc2c(c1)C(=O)N(c1c(C(C)C)cc(Cc3cc(C(C)C)c(N4C(=O)c5ccc(*)cc5C4=O)c(C(C)C)c3)cc1C(C)C)C2=O,0.204282612
1019,PI1072,*c1ccc(Oc2ccc(Oc3ccc(N4C(=O)c5ccc(Oc6ccccc6Oc6ccc7c(c6)C(=O)N(*)C7=O)cc5C4=O)cc3C(F)(F)F)cc2)c(C(F)(F)F)c1,0.203445263
1020,PI1073,*c1ccc(Oc2ccccc2Oc2ccc(N3C(=O)c4ccc(Oc5ccccc5Oc5ccc6c(c5)C(=O)N(*)C6=O)cc4C3=O)cc2C(F)(F)F)c(C(F)(F)F)c1,0.175622309
1021,PI1075,*c1ccc(Oc2c(C)cc(-c3cc(C)c(Oc4ccc(N5C(=O)c6ccc(Oc7ccccc7Oc7ccc8c(c7)C(=O)N(*)C8=O)cc6C5=O)cc4C(F)(F)F)c(C)c3)cc2C)c(C(F)(F)F)c1,0.215085171
1022,PI1077,*c1ccc(Oc2ccc(C(c3ccc(Oc4ccc(N5C(=O)c6ccc(Oc7ccccc7Oc7ccc8c(c7)C(=O)N(*)C8=O)cc6C5=O)cc4C(F)(F)F)cc3)(C(F)(F)F)C(F)(F)F)cc2)c(C(F)(F)F)c1,0.172393313
1023,PI1078,*c1ccc(Oc2ccc(C3(c4ccc(Oc5ccc(N6C(=O)c7ccc(Oc8ccccc8Oc8ccc9c(c8)C(=O)N(*)C9=O)cc7C6=O)cc5C(F)(F)F)cc4)c4ccccc4-c4ccccc43)cc2)c(C(F)(F)F)c1,0.188157219
1024,PI1079,*c1ccc(N2C(=O)c3ccc(Oc4ccc(C(C)(C)c5cccc(Oc6ccc7c(c6)C(=O)N(*)C7=O)c5)cc4)cc3C2=O)cc1,0.254037201
1025,PI1080,*CCCCCCCCCCN1C(=O)C2C3C=CC(C4C(=O)N(*)C(=O)C34)C2C1=O,0.255867446
1026,PI1081,*C1CCC(CC2CCC(N3C(=O)C4C5C=CC(C6C(=O)N(*)C(=O)C56)C4C3=O)CC2)CC1,0.232731371
1027,PI1082,*C1CCC(CC2CCC(N3C(=O)C4C5C=CC(C6C(=O)N(*)C(=O)C56)C4C3=O)C(C)C2)CC1C,0.2249129
1028,PI1083,*c1cc(C(c2ccc(O)c(N3C(=O)c4ccc(Oc5ccc6c(c5)C(=O)N(*)C6=O)cc4C3=O)c2)(C(F)(F)F)C(F)(F)F)ccc1O,0.190410767
1029,PI1084,*c1ccc(C(C)(C)c2ccc(C(C)(C)c3ccc(N4C(=O)c5ccc(Oc6ccc7c(c6)C(=O)N(*)C7=O)cc5C4=O)cc3)cc2)cc1,0.25056238
1030,PI1085,*c1ccc(Sc2ccc(Sc3ccc(Sc4ccc(-n5c(=O)c6cc7c(=O)n(*)c(=O)c7cc6c5=O)cc4)cc3)cc2)cc1,0.209987039
1031,PI1086,*c1ccc(Sc2ccc3c(c2)Sc2ccc(Sc4ccc(-n5c(=O)c6cc7c(=O)n(*)c(=O)c7cc6c5=O)cc4)cc2S3)cc1,0.199953659
1032,PI1088,*C(=O)Oc1ccc(OC(=O)c2ccc3c(c2)C(=O)N(C2CCC(N4C(=O)c5ccc(*)cc5C4=O)CC2)C3=O)cc1,0.321091285
1033,PI1089,*C(=O)Oc1ccc(OC(=O)c2ccc3c(c2)C(=O)N(c2ccc(-c4ccc(N5C(=O)c6ccc(*)cc6C5=O)cc4C(F)(F)F)c(C(F)(F)F)c2)C3=O)cc1,0.282111699
1034,PI1090,*c1ccc(C(=O)Oc2ccc(-n3c(=O)c4cc5c(=O)n(*)c(=O)c5cc4c3=O)cc2)cc1,0.402981581
1035,PI1091,*c1ccc(C(=O)Oc2ccc(N3C(=O)c4ccc(-c5ccc6c(c5)C(=O)N(*)C6=O)cc4C3=O)cc2)cc1,0.370940579
1036,PI1092,*C(=O)Oc1ccc(OC(=O)c2ccc3c(c2)C(=O)N(c2ccc(C(=O)Oc4ccc(N5C(=O)c6ccc(*)cc6C5=O)cc4)cc2)C3=O)cc1,0.322281096
1037,PI1093,*c1ccc(C(=O)Nc2ccc(-n3c(=O)c4cc5c(=O)n(*)c(=O)c5cc4c3=O)cc2)cc1,0.501051728
1038,PI1095,*C(=O)Oc1ccc(OC(=O)c2ccc3c(c2)C(=O)N(c2ccc(C(=O)Nc4ccc(N5C(=O)c6ccc(*)cc6C5=O)cc4)cc2)C3=O)cc1,0.32622674
1039,PI1097,*c1cc(C(c2ccc(O)c(N3C(=O)c4ccc(-c5ccc6c(c5)C(=O)N(*)C6=O)cc4C3=O)c2)(C(F)(F)F)C(F)(F)F)ccc1O,0.203289189
1040,PI1100,*c1ccc2c(c1)C(=O)N(c1ccc(-c3ccc(Oc4ccc5c(c4)C(C)(c4ccc(Oc6ccc(-c7ccc(N8C(=O)c9ccc(C(*)(C(F)(F)F)C(F)(F)F)cc9C8=O)cc7)cc6C(F)(F)F)cc4)CC5(C)C)c(C(F)(F)F)c3)cc1)C2=O,0.18898492
1041,PI1101,*c1ccc(-c2ccc(Oc3ccc(C4(C)CC(C)(C)c5ccc(Oc6ccc(-c7ccc(N8C(=O)c9ccc(Oc%10ccc%11c(c%10)C(=O)N(*)C%11=O)cc9C8=O)cc7)cc6C(F)(F)F)cc54)cc3)c(C(F)(F)F)c2)cc1,0.236371549
1042,PI1103,*c1cccc(N2C(=O)c3ccc(-c4cccc5c4C(=O)N(*)C5=O)cc3C2=O)c1,0.220725294
1043,PI1104,*c1ccc(-c2ccc(N3C(=O)c4ccc(-c5cccc6c5C(=O)N(*)C6=O)cc4C3=O)c(C)c2)cc1C,0.252551567
1044,PI1105,*c1ccc(-c2ccc(N3C(=O)c4ccc(-c5cccc6c5C(=O)N(*)C6=O)cc4C3=O)cc2C)c(C)c1,0.246966336
1045,PI1106,*c1ccc(-c2ccc(N3C(=O)c4ccc(-c5cccc6c5C(=O)N(*)C6=O)cc4C3=O)cc2C(F)(F)F)c(C(F)(F)F)c1,0.181127226
1046,PI1107,*c1ccc(Oc2cccc(N3C(=O)c4ccc(-c5cccc6c5C(=O)N(*)C6=O)cc4C3=O)c2)cc1,0.21550438
1047,PI1108,*c1ccc(Oc2ccc(Oc3ccc(N4C(=O)c5ccc(-c6cccc7c6C(=O)N(*)C7=O)cc5C4=O)cc3)cc2)cc1,0.253562737
1048,PI1109,*c1ccc(Oc2cccc(Oc3ccc(N4C(=O)c5ccc(-c6cccc7c6C(=O)N(*)C7=O)cc5C4=O)cc3)c2)cc1,0.215328534
1049,PI1110,*c1cccc(Oc2cccc(Oc3cccc(N4C(=O)c5ccc(-c6cccc7c6C(=O)N(*)C7=O)cc5C4=O)c3)c2)c1,0.194879024
1050,PI1111,*c1ccc(-c2ccc(N3C(=O)c4cc5c(cc4C3=O)C(C(F)(F)F)(C(F)(F)F)c3cc4c(cc3O5)C(=O)N(*)C4=O)cc2C(F)(F)F)c(C(F)(F)F)c1,0.334859311
1051,PI1112,*c1ccc(-c2ccc(N3C(=O)c4cc5c(cc4C3=O)C(C(F)(F)F)(C(F)(F)F)c3cc4c(cc3O5)C(=O)N(*)C4=O)cc2OC(F)(F)F)c(OC(F)(F)F)c1,0.314708286
1052,PI1113,*C(=O)Nc1ccc(C2(c3ccc(NC(=O)c4ccc5c(c4)C(=O)N(c4ccc(Sc6ccc(Oc7ccc(Sc8ccc(N9C(=O)c%10ccc(*)cc%10C9=O)cc8)cc7)cc6)cc4)C5=O)cc3)c3ccccc3-c3ccccc32)cc1,0.233545227
1053,PI1114,*c1ccc(Sc2ccc(Oc3ccc(Sc4ccc(N5C(=O)c6ccc(Oc7ccc(C(C)(C)c8ccc(Oc9ccc%10c(c9)C(=O)N(*)C%10=O)cc8)cc7)cc6C5=O)cc4)cc3)cc2)cc1,0.219421614
1054,PI1115,*c1ccc2c(c1)C(=O)N(c1ccc(Sc3ccc(Oc4ccc(Sc5ccc(N6C(=O)c7ccc(C(*)(C(F)(F)F)C(F)(F)F)cc7C6=O)cc5)cc4)cc3)cc1)C2=O,0.17007229
1055,PI1116,*OC(C)COC(*)=O,0.216197061
1056,PI1117,*Oc1ccc2c(c1)C1(CC2(C)C)CC(C)(C)c2ccc(OC(*)=O)cc21,0.198892107
1057,PI1118,*Oc1ccc(C(C)(C)c2ccc(OC(*)=O)c(CC)c2)cc1CC,0.235507852
1058,PI1119,*Oc1ccc(C(C)(CCC#N)c2ccc(OC(*)=O)cc2)cc1,0.239792442
1059,PI1120,*Oc1ccc(C(C)(CCC#N)c2ccc(OC(*)=O)c(C)c2)cc1C,0.219626724
1060,PI1121,*Oc1ccc(C(CCC)(CCC)c2ccc(OC(*)=O)c(C)c2)cc1C,0.239908747
1061,PI1122,*Oc1ccc(C(CCCC)(CCCC)c2ccc(OC(*)=O)cc2)cc1,0.236778552
1062,PI1124,*CCCCCCCCCSC(=O)S*,0.228700961
1063,PI1125,*CCCCCCCCCCCCSC(=O)S*,0.246707796
1064,PI1126,*Sc1ccc(Cc2ccc(SC(*)=O)cc2)cc1,0.180050455
1065,PI1127,*Oc1ccc(C(C)(C)c2ccc(OC(=O)SCCCSC(*)=O)cc2)cc1,0.187002547
1066,PI1128,*Oc1ccc(C(C)(C)c2ccc(OC(=O)SCCCCCCSC(*)=O)cc2)cc1,0.197531069
1067,PI1129,*Oc1ccc(C(C)(C)c2ccc(OC(=O)Sc3ccc(C(C)(C)c4ccc(SC(*)=O)cc4)cc3)cc2)cc1,0.182529356
1068,PI1130,*C1NC(CC1)*,0.263630423
1069,PI1131,*Nc1ccc(cc1)*,0.383186404
1070,PI1132,*c1ccc(Cc2ccc(N(*)Cc3ccccc3)cc2)cc1,0.238998014
1071,PI1133,*Cc1cc(C(C)(C)c2ccc3c(c2)CN(C)CO3)cc(CN(*)C)c1O,0.206550984
1072,PI1134,*c1ccc(C(c2ccc(-c3nc4cc(-c5ccc6nc(*)[nH]c6c5)ccc4[nH]3)cc2)(C(F)(F)F)C(F)(F)F)cc1,0.239875739
1073,PI1135,*c1ccc(C(c2ccc(-c3nc4ccc(-c5ccc6nc(*)[nH]c6c5)cc4[nH]3)cc2)(C(F)(F)F)C(F)(F)F)cc1,0.248861231
1074,PI1136,*c1cccc(S(=O)(=O)NCCCCCCNS(*)(=O)=O)c1,0.20809775
1075,PI1137,*c1ccc(S(*)(=O)=O)cc1,0.199092642
1076,PI1138,*Cc1cc(*)c(O)cc1C,0.226688307
